Workbook

Sheet Tgl 9
A1: REKAPAN PENGAJUAN | J1: REKAPAN PENGAJUAN
A2: PER TANGGAL 9 Januari 2026 | J2: PER TANGGAL 9 Januari 2026
A3: POSISI KAS SAAT INI | J3: POSISI KAS SAAT INI
C4: Kas Besar (Nisa) | D4: 0 | L4: Kas Besar (Nisa) | M4: 0
C5: Mandiri Akhmad Jaelani | D5: 91703579 | L5: Mandiri Akhmad Jaelani | M5: 91703579
C6: Mandiri CBS | D6: 256369459 | L6: Mandiri CBS | M6: 256369459
C7: BJB CBS | D7: 1061000 | L7: BJB CBS | M7: 1061000
C8: BJB CRS | D8: =22890124-21500000 -> 1390124 | L8: BJB CRS | M8: =22890124-21500000 -> 1390124
C9: BRI CRS | D9: 740468.8 | L9: BRI CRS | M9: 740468.8
A11: TOTAL POSISI KAS DAN BANK TGL 9 Januari 2026 | H11: =SUM(D4:D9) -> 3.5126463e+08 | J11: TOTAL POSISI KAS DAN BANK TGL 9 Januari 2026 | Q11: =SUM(M4:M9) -> 3.5126463e+08
A12: UMUM | J12: UMUM
A13: TGL | B13: NO KAS | C13: KETERANGAN PENGAJUAN | D13: PENGAJUAN | E13: PENCAIRAN | J13: TGL | K13: NO KAS | L13: KETERANGAN PENGAJUAN | M13: PENGAJUAN | N13: PENCAIRAN
E14: SUDAH | F14: CASH | G14: GIRO | H14: TRANSFER | N14: SUDAH | O14: CASH | P14: GIRO | Q14: TRANSFER
B15: Ku.25.261 | C15: Listrik | D15: 503500 | K15: Ku.25.261 | L15: Listrik | M15: 503500
B16: Ku.25.261 | C16: Telphone & Internet | D16: 503500 | K16: Ku.25.261 | L16: Telphone & Internet | M16: 503500
B17: Ku.25.001 | C17: Air Minum (1 Gln) | D17: 16000 | K17: Ku.25.001 | L17: Air Minum (1 Gln) | M17: 16000
C28: JUMLAH PENGAJUAN UMUM | D28: =SUM(D15:D27) -> 1023000 | L28: JUMLAH PENGAJUAN UMUM | M28: =SUM(M15:M27) -> 1023000
C29: Jumlah Yang Belum Dibayar | H29: =+D28 -> 1023000 | L29: Jumlah Yang Belum Dibayar | Q29: =+M28 -> 1023000
A30: TOTAL PENGAJUAN UMUM | E30: =+H29 -> 1023000 | J30: TOTAL PENGAJUAN UMUM | N30: =+Q29 -> 1023000
A31: ALCENT | J31: ALCENT
B32: Kt.26.018 | C32: Upah Tukang Pekerjaan Pengecetan Ruang Kls (Pa Mamat) Pro TK | D32: 390000 | K32: Kt.26.018 | L32: Upah Tukang Pekerjaan Pengecetan Ruang Kls (Pa Mamat) Pro TK | M32: 390000
B33: Kt.26.018 | C33: Upah Tukang Listrik Pek Pengecekan R.TU (Pa Soni) Pro TK | D33: 100000 | K33: Kt.26.018 | L33: Upah Tukang Listrik Pek Pengecekan R.TU (Pa Soni) Pro TK | M33: 100000
B34: Kt.26.017 | C34: Upah Tukang Pek Talang Air Area Aula,Pemasangan Rambang,dll (Pa Mamat) Pro SMP | D34: 1940000 | K34: Kt.26.017 | L34: Upah Tukang Pek Talang Air Area Aula,Pemasangan Rambang,dll (Pa Mamat) Pro SMP | M34: 1940000
B35: Kt.26.017 | C35: Upah Pa Dedi (1 Hari) Pro SMP | D35: 150000 | K35: Kt.26.017 | L35: Upah Pa Dedi (1 Hari) Pro SMP | M35: 150000
B36: Kt.26.017 | C36: Upah Pa Heri Pro SMP | D36: 440000 | K36: Kt.26.017 | L36: Upah Pa Heri Pro SMP | M36: 440000
B37: Kt.26.016 | C37: Upah Tukang Pek Dren Ac Ruang Kls 201,Cet Plapon Bekas,dll(Pa Mamat) Pro SMA | D37: 1880000 | K37: Kt.26.016 | L37: Upah Tukang Pek Dren Ac Ruang Kls 201,Cet Plapon Bekas,dll(Pa Mamat) Pro SMA | M37: 1880000
B38: Kt.26.016 | C38: Upah Tukang Listrik Pek perbaikan Konslet STK R.209,210 (Pa Soni) Pro SMA | D38: 114000 | K38: Kt.26.016 | L38: Upah Tukang Listrik Pek perbaikan Konslet STK R.209,210 (Pa Soni) Pro SMA | M38: 114000
B39: Kt.26.016 | C39: Upah Pa Dedi (5 Hari) Pro SMA | D39: =150000*5 -> 750000 | K39: Kt.26.016 | L39: Upah Pa Dedi (5 Hari) Pro SMA | M39: =150000*5 -> 750000
B40: Kt.26.016 | C40: Upah Heri Pro SMA | D40: 440000 | K40: Kt.26.016 | L40: Upah Heri Pro SMA | M40: 440000
B41: Kt.26.016 | C41: Bon Talangan Pa Mamat (Pemb Semen & Lem Fiber) Pro SMA | D41: 40000 | K41: Kt.26.016 | L41: Bon Talangan Pa Mamat (Pemb Semen & Lem Fiber) Pro SMA | M41: 40000
B42: Kt.26.020 | C42: Pelunasan Pek Plang No Smoking (Pa Yoda) Pro SMA | D42: 900000 | K42: Kt.26.020 | L42: Pelunasan Pek Plang No Smoking (Pa Yoda) Pro SMA | M42: 900000
B43: Kt.26.025 | C43: Pek Perbaikan Pintu HPL (Pa Yoda) Pro SMA | D43: 2000000 | K43: Kt.26.025 | L43: Pek Perbaikan Pintu HPL (Pa Yoda) Pro SMA | M43: 2000000
B44: Kt.26.023 | C44: Pemb Matrial Alcent (Pa Mamat) | D44: 700000 | K44: Kt.26.023 | L44: Pemb Matrial Alcent (Pa Mamat) | M44: 700000
C46: JUMLAH PENGAJUAN SD,SMP,SMA | D46: =SUM(D32:D44) -> 9844000 | L46: JUMLAH PENGAJUAN SD,SMP,SMA | M46: =SUM(M32:M44) -> 9844000
C47: Jumlah Yang Belum Dibayar | E47: =D46 -> 9844000 | L47: Jumlah Yang Belum Dibayar | N47: =M46 -> 9844000
A48: Jl. Gitar & Antapani | J48: Jl. Gitar & Antapani
B49: Kt.26.019 | C49: Upah Pa Yoda Perbaikan Pintu Pro Jl Gitar | D49: 760000 | K49: Kt.26.019 | L49: Upah Pa Yoda Perbaikan Pintu Pro Jl Gitar | M49: 760000
B50: Kt.26.024 | C50: Pemb Pompa Dorong Antapani | D50: 700000 | K50: Kt.26.024 | L50: Pemb Pompa Dorong Antapani | M50: 700000
C51: JUMLAH PENGAJUAN Jl. Gitar | D51: =SUM(D49:D50) -> 1460000 | E51: 0 | F51: 0 | L51: JUMLAH PENGAJUAN Jl. Gitar | M51: =SUM(M49:M50) -> 1460000 | N51: 0 | O51: 0
C52: Jumlah Yang Belum Dibayar | E52: =D51 -> 1460000 | L52: Jumlah Yang Belum Dibayar | N52: =M51 -> 1460000
A53: Sumedang | J53: Sumedang
B54: Kt.26.015 | C54: Upah Pa Heri (Sumedang) | D54: 220000 | K54: Kt.26.015 | L54: Upah Pa Heri (Sumedang) | M54: 220000
B55: Kt.26.015 | C55: Upah Pa Dedi (Sumedang) | D55: 150000 | K55: Kt.26.015 | L55: Upah Pa Dedi (Sumedang) | M55: 150000
C58: JUMLAH PENGAJUAN Sumedang | D58: =SUM(D54:D57) -> 370000 | E58: 0 | F58: 0 | L58: JUMLAH PENGAJUAN Sumedang | M58: =SUM(M54:M57) -> 370000 | N58: 0 | O58: 0
C59: Jumlah Yang Belum Dibayar | E59: =D58 -> 370000 | L59: Jumlah Yang Belum Dibayar | N59: =M58 -> 370000
A60: KONTRABON | J60: KONTRABON
B61: Kt.25.1234 | C61: KONTRABON RESTULOGAM 27/12 SMA | D61: 2372500 | K61: Kt.25.1234 | L61: KONTRABON RESTULOGAM 27/12 SMA | M61: 2372500
B62: Kt.25.1247 | C62: KONTRABON RESTULOGAM 27/12 Bd Indah | D62: 250000 | K62: Kt.25.1247 | L62: KONTRABON RESTULOGAM 27/12 Bd Indah | M62: 250000
B63: Kt.25.1235 | C63: KONTRABON RESTULOGAM 29/12 TK | D63: 1035500 | K63: Kt.25.1235 | L63: KONTRABON RESTULOGAM 29/12 TK | M63: 1035500
B64: Kt.26.013 | C64: KONTRABON RESTULOGAM 8/1 SMP | D64: 326000 | K64: Kt.26.020 | L64: KONTRABON RESTULOGAM 8/1 SMP
B65: Kt.26.021 | C65: KONTRABON RESTULOGAM 1/3 TK | D65: 370000 | K65: Kt.26.021 | L65: KONTRABON RESTULOGAM 1/3 TK
B66: Kt.26.021 | C66: KONTRABON RESTULOGAM 1/3 SMP | D66: 110000 | K66: Kt.26.021 | L66: KONTRABON RESTULOGAM 1/3 SMP
C82: JUMLAH PENGAJUAN Kontrabon | D82: =SUM(D61:D81) -> 4464000 | L82: JUMLAH PENGAJUAN Kontrabon | M82: =SUM(M61:M81) -> 3658000
C83: Jumlah Yang Belum Dibayar | E83: =D82 -> 4464000 | L83: Jumlah Yang Belum Dibayar | N83: =M82 -> 3658000
A84: TAMBAHAN PENGAJUAN | J84: TAMBAHAN PENGAJUAN
B85: Kt.25. | C85: Upah Pa Heri (Pembuatan RAB) RT Bu Ani | D85: 220000 | K85: Kt.25. | L85: Upah Pa Heri (Pembuatan RAB) RT Bu Ani | M85: 220000
C87: JUMLAH PENGAJUAN | D87: =SUM(D85:D86) -> 220000 | E87: 0 | F87: 0 | L87: JUMLAH PENGAJUAN | M87: =SUM(M85:M86) -> 220000 | N87: 0 | O87: 0
C88: Jumlah Yang Belum Dibayar | E88: =D87 -> 220000 | L88: Jumlah Yang Belum Dibayar | N88: =M87 -> 220000
A89: TOTAL PENGAJUAN KONTRAKTOR | E89: =E47+E52+E83+E88+E59 -> 16358000 | J89: TOTAL PENGAJUAN KONTRAKTOR | N89: =N47+N52+N83+N88+N59 -> 15552000
A90: JUMLAH KESELURUHAN PENGAJUAN | E90: =+E30+E89 -> 17381000 | J90: JUMLAH KESELURUHAN PENGAJUAN | N90: =+N30+N89 -> 16575000
A91: TAMBAHAN PENGAJUAN | J91: TAMBAHAN PENGAJUAN
K92: Kt.26.002 | L92: Pek Neon Sign (Pa Karsana) Antapani | M92: 1750000
A97: JUMLAH | D97: =SUM(D92:D96) -> 0 | J97: JUMLAH | M97: =SUM(M92:M96) -> 1750000 | N97: =N90+M97 -> 18325000
A98: TOTAL | J98: TOTAL
A100: PENCAIRAN | J100: PENCAIRAN
A101: NO | B101: TANGGAL | C101: KETERANGAN | D101: JUMLAH | E101: PARAF | J101: NO | K101: TANGGAL | L101: KETERANGAN | M101: JUMLAH | N101: PARAF
L102: Cash Mandiri | M102: 18000000
C107: Jumlah Penerimaan | D107: =SUM(D102:D106) -> 0 | L107: Jumlah Penerimaan | M107: =SUM(M102:M106) -> 18000000
P108: =N97-M102 -> 325000

Sheet Sheet2
A1: PA HERI | C1: Pa Dedi | E1: PA MAMAT | G1: NISA | I1: Pa Uden | K1: Pa Engkus
A2: Upah Pa Heri Pro SMP | B2: 440000 | C2: Upah Pa Dedi (1 Hari) Pro SMP | D2: 150000 | E2: Upah Tukang Pekerjaan Pengecetan Ruang Kls (Pa Mamat) Pro TK | F2: 390000 | G2: Listrik | H2: 503500
A3: Upah Heri Pro SMA | B3: 440000 | C3: Upah Pa Dedi (5 Hari) Pro SMA | D3: 750000 | E3: Upah Tukang Pek Talang Air Area Aula,Pemasangan Rambang,dll (Pa Mamat) Pro SMP | F3: 1940000 | G3: Telphone & Internet | H3: 503500
A4: Upah Pa Heri (Sumedang) | B4: 220000 | C4: Upah Pa Dedi (Sumedang) | D4: 150000 | E4: Upah Tukang Pek Dren Ac Ruang Kls 201,Cet Plapon Bekas,dll(Pa Mamat) Pro SMA | F4: 1880000 | G4: Air Minum (1 Gln) | H4: 16000
A5: Upah Pa Heri (Pembuatan RAB) RT Bu Ani | B5: 220000 | E5: Bon Talangan Pa Mamat (Pemb Semen & Lem Fiber) Pro SMA | F5: 40000 | G5: Upah Tukang Listrik Pek Pengecekan R.TU (Pa Soni) Pro TK | H5: 100000
A6: Upah Pa Yoda Perbaikan Pintu Pro Jl Gitar | B6: 760000 | G6: Upah Tukang Listrik Pek perbaikan Konslet STK R.209,210 (Pa Soni) Pro SMA | H6: 114000
A7: Pemb Pompa Dorong Antapani | B7: 700000 | G7: KONTRABON RESTULOGAM 27/12 SMA | H7: 2372500
G8: KONTRABON RESTULOGAM 27/12 Bd Indah | H8: 250000
G9: KONTRABON RESTULOGAM 29/12 TK | H9: 1035500
G10: Pek Neon Sign (Pa Karsana) Antapani | H10: 1750000
G11: Pelunasan Pek Plang No Smoking (Pa Yoda) Pro SMA | H11: 900000
G12: Pek Perbaikan Pintu HPL (Pa Yoda) Pro SMA | H12: 2000000
G13: Pemb Matrial Alcent (Pa Mamat) | H13: 700000
B15: =SUM(B2:B14) -> 2780000 | D15: =SUM(D2:D14) -> 1050000 | F15: =SUM(F2:F14) -> 4250000 | H15: =SUM(H2:H14) -> 10245000 | J15: =SUM(J2:J14) -> 0 | K15: =SUM(K2:K14) -> 0 | L15: =SUM(L2:L14) -> 0
C16: Kasbon | D16: 100000
C17: =B2+B3+B4+B5 -> 1320000 | D17: =D15-D16 -> 950000
A20: Pencairan | B20: =B15+D15+F15+H15+J15 -> 18325000
A21: Cash | B21: ='Tgl 9'!M102 -> 18000000
A23: Kekurangan | B23: =B20-B21 -> 325000

Sheet Tgl 10
A1: REKAPAN PENGAJUAN | J1: REKAPAN PENGAJUAN
A2: PER TANGGAL 14 Januari 2026 | J2: PER TANGGAL 14 Januari 2026
A3: POSISI KAS SAAT INI | J3: POSISI KAS SAAT INI
C4: Kas Besar (Nisa) | D4: 0 | L4: Kas Besar (Nisa) | M4: 0
C5: Mandiri Akhmad Jaelani | D5: 118418079 | L5: Mandiri Akhmad Jaelani | M5: 118418079
C6: Mandiri CBS | D6: 306369459 | L6: Mandiri CBS | M6: 306369459
C7: BJB CBS | D7: 1146153 | L7: BJB CBS | M7: 1146153
C8: BJB CRS | D8: 3297736 | L8: BJB CRS | M8: 3297736
C9: BRI CRS | D9: 2626657 | L9: BRI CRS | M9: 2626657
A11: TOTAL POSISI KAS DAN BANK TGL 14 Januari 2026 | H11: =SUM(D4:D9) -> 431858084 | J11: TOTAL POSISI KAS DAN BANK TGL 14 Januari 2026 | Q11: =SUM(M4:M9) -> 431858084
A12: UMUM | J12: UMUM
A13: TGL | B13: NO KAS | C13: KETERANGAN PENGAJUAN | D13: PENGAJUAN | E13: PENCAIRAN | J13: TGL | K13: NO KAS | L13: KETERANGAN PENGAJUAN | M13: PENGAJUAN | N13: PENCAIRAN
E14: SUDAH | F14: CASH | G14: GIRO | H14: TRANSFER | N14: SUDAH | O14: CASH | P14: GIRO | Q14: TRANSFER
B15: Ku.26.006 | C15: Kerohiman (Pa Ocid) | D15: 500000 | K15: Ku.26.006 | L15: Kerohiman (Pa Ocid) | M15: 500000
B16: Ku.26.006 | C16: Pemb Tinta HP Smart 7740 (4 Btl) | D16: 2000000 | K16: Ku.26.006 | L16: Pemb Tinta HP Smart 7740 (4 Btl) | M16: 2000000
B17: Ku.26.006 | C17: Upah Pa Dedi Ke Jakarta | D17: =150000+20000*6 -> 270000 | K17: Ku.26.006 | L17: Upah Pa Dedi Ke Jakarta | M17: =150000+20000*6 -> 270000
B18: Ku.26.006 | C18: Buku Pengajuan | D18: 300000 | K18: Ku.26.006 | L18: Buku Pengajuan | M18: 300000
C28: JUMLAH PENGAJUAN UMUM | D28: =SUM(D15:D27) -> 3070000 | L28: JUMLAH PENGAJUAN UMUM | M28: =SUM(M15:M27) -> 3070000
B29: Jumlah Yang Belum Dibayar | H29: =+D28 -> 3070000 | K29: Jumlah Yang Belum Dibayar | Q29: =+M28 -> 3070000
A30: TOTAL PENGAJUAN UMUM | E30: =+H29 -> 3070000 | J30: TOTAL PENGAJUAN UMUM | N30: =+Q29 -> 3070000
A31: ALCENT | J31: ALCENT
B32: Kt.26.005 | C32: Pelunasan Pek Gordeng Pro SD | D32: 4068000 | K32: Kt.26.005 | L32: Pelunasan Pek Gordeng Pro SD | M32: 4068000
B33: Kt.26.230 | C33: Konsumsi Rapat 12/1 Pro SD | D33: 311500 | K33: Kt.26.230 | L33: Konsumsi Rapat 12/1 Pro SD | M33: 311500
B34: Kt.26.040 | C34: Upah Tukang (Pa mamat) Pek Pasang Karpet,Aksesoris,dll Pro SMP | D34: 110000 | K34: Kt.26.040 | L34: Upah Tukang (Pa mamat) Pek Pasang Karpet,Aksesoris,dll Pro SMP | M34: 1110000
B35: Kt.26.040 | C35: Upah Pa Heri Pro SMP | D35: 220000 | K35: Kt.26.040 | L35: Upah Pa Heri Pro SMP | M35: 220000
B36: Kt.26.041 | C36: Upah Tukang Pa Mamat (Pek Dren AC 201 LT 2 )Pro SMA | D36: 2480000 | K36: Kt.26.041 | L36: Upah Tukang Pa Mamat (Pek Dren AC 201 LT 2 )Pro SMA | M36: 2480000
B37: Kt.26.041 | C37: Upah Pa Dedi (5 Hari) Pro SMA | D37: =150000*2 -> 300000 | K37: Kt.26.041 | L37: Upah Pa Dedi (5 Hari) Pro SMA | M37: =150000*2 -> 300000
C39: JUMLAH PENGAJUAN SD,SMP,SMA | D39: =SUM(D32:D38) -> 7489500 | L39: JUMLAH PENGAJUAN SD,SMP,SMA | M39: =SUM(M32:M38) -> 8489500
C40: Jumlah Yang Belum Dibayar | E40: =D39 -> 7489500 | L40: Jumlah Yang Belum Dibayar | N40: =M39 -> 8489500
A41: Jl. Gitar & Antapani | J41: Jl. Gitar & Antapani
B42: Kt.26.019 | C42: Upah Pa Yoda Perbaikan Pintu Pro Jl Gitar | K42: Kt.26.019 | L42: Upah Pa Yoda Perbaikan Pintu Pro Jl Gitar
B43: Kt.26.024 | C43: Pemb Pompa Dorong Antapani | K43: Kt.26.024 | L43: Pemb Pompa Dorong Antapani
C44: JUMLAH PENGAJUAN Jl. Gitar | D44: =SUM(D42:D43) -> 0 | E44: 0 | F44: 0 | L44: JUMLAH PENGAJUAN Jl. Gitar | M44: =SUM(M42:M43) -> 0 | N44: 0 | O44: 0
C45: Jumlah Yang Belum Dibayar | E45: =D44 -> 0 | L45: Jumlah Yang Belum Dibayar | N45: =M44 -> 0
A46: Sumedang | J46: Sumedang
B47: Kt.26.042 | C47: Upah Pa Heri (Sumedang) | D47: =220000*3 -> 660000 | K47: Kt.26.042 | L47: Upah Pa Heri (Sumedang) | M47: =220000*3 -> 660000
C51: JUMLAH PENGAJUAN Sumedang | D51: =SUM(D47:D50) -> 660000 | E51: 0 | F51: 0 | L51: JUMLAH PENGAJUAN Sumedang | M51: =SUM(M47:M50) -> 660000 | N51: 0 | O51: 0
C52: Jumlah Yang Belum Dibayar | E52: =D51 -> 660000 | L52: Jumlah Yang Belum Dibayar | N52: =M51 -> 660000
A53: KONTRABON | J53: KONTRABON
B54: Kt.26.037 | C54: KONTRABON RESTULOGAM 14/1 SMA | D54: 38500 | K54: Kt.26.037 | L54: KONTRABON RESTULOGAM 14/1 SMA | M54: 38500
C75: JUMLAH PENGAJUAN Kontrabon | D75: =SUM(D54:D74) -> 38500 | L75: JUMLAH PENGAJUAN Kontrabon | M75: =SUM(M54:M74) -> 38500
C76: Jumlah Yang Belum Dibayar | E76: =D75 -> 38500 | L76: Jumlah Yang Belum Dibayar | N76: =M75 -> 38500
A77: TAMBAHAN PENGAJUAN | J77: TAMBAHAN PENGAJUAN
B78: Kt.26 | C78: Kekurangan Kas Logistik | D78: 54000 | K78: Kt.26 | L78: Kekurangan Kas Logistik | M78: 54000
C80: JUMLAH PENGAJUAN | D80: =SUM(D78:D79) -> 54000 | E80: 0 | F80: 0 | L80: JUMLAH PENGAJUAN | M80: =SUM(M78:M79) -> 54000 | N80: 0 | O80: 0
C81: Jumlah Yang Belum Dibayar | E81: =D80 -> 54000 | L81: Jumlah Yang Belum Dibayar | N81: =M80 -> 54000
A82: TOTAL PENGAJUAN KONTRAKTOR | E82: =E40+E45+E76+E81+E52 -> 8242000 | J82: TOTAL PENGAJUAN KONTRAKTOR | N82: =N40+N45+N76+N81+N52 -> 9242000
A83: JUMLAH KESELURUHAN PENGAJUAN | E83: =+E30+E82 -> 11312000 | J83: JUMLAH KESELURUHAN PENGAJUAN | N83: =+N30+N82 -> 12312000
A84: TAMBAHAN PENGAJUAN | J84: TAMBAHAN PENGAJUAN
A90: JUMLAH | D90: =SUM(D85:D89) -> 0 | J90: JUMLAH | M90: =SUM(M85:M89) -> 0
A91: TOTAL | J91: TOTAL
A93: PENCAIRAN | J93: PENCAIRAN
A94: NO | B94: TANGGAL | C94: KETERANGAN | D94: JUMLAH | E94: PARAF | J94: NO | K94: TANGGAL | L94: KETERANGAN | M94: JUMLAH | N94: PARAF
L95: Penerimaan Cash Dri Pa giri (MAJ) | M95: 10000000 | O95: Kekurangan | P95: =M100-N83 -> -12000
L96: TF dri Pa gIri | M96: =1000000+1300000 -> 2300000
C100: Jumlah Penerimaan | D100: =SUM(D95:D99) -> 0 | L100: Jumlah Penerimaan | M100: =SUM(M95:M99) -> 12300000

Sheet Pengan Juan Rt Bu Ani
A1: REKAPAN PENGAJUAN
A2: PER TANGGAL 14 Januari 2026
A3: POSISI KAS SAAT INI
C4: Kas Besar (Nisa) | D4: =34774000 -> 34774000
C5: Mandiri Akhmad Jaelani
C6: Mandiri CBS
C7: BJB CBS
C8: BJB CRS
C9: BRI CRS
A11: TOTAL POSISI KAS DAN BANK TGL 14 Januari 2026 | H11: =SUM(D4:D9) -> 34774000
A12: RT Bu ANI
B13: Kt.26.039 | C13: Upah Tukang RT Bu Ani | D13: 1280000
B14: Kt.26.039 | C14: Upah Pa Heri RT Bu Ani | D14: =220000*2 -> 440000
B15: Kt.26.039 | C15: Upah Pa Dedi RT Bu Ani | D15: =150000*4 -> 600000
B16: Kt.26.039 | C16: Pemb Matrial RT Bu Ani | D16: 2120000
C18: JUMLAH PENGAJUAN RT Bu Ani | D18: =SUM(D13:D17) -> 4440000
C19: Jumlah Yang Belum Dibayar | E19: =D18 -> 4440000
A20: Kontrabon
B21: Kt.26.028 | C21: KONTRABON RESTULOGAM 12/1 Rt Bu Ani | D21: 130000
C26: JUMLAH PENGAJUAN RT Bu Ani | D26: =SUM(D21:D25) -> 130000
C27: Jumlah Yang Belum Dibayar | E27: =D26 -> 130000
A28: TOTAL PENGAJUAN | E28: =E19+E27 -> 4570000
A29: TAMBAHAN PENGAJUAN
A35: JUMLAH | D35: =SUM(D30:D34) -> 0
A36: TOTAL
A38: PENCAIRAN
A39: NO | B39: TANGGAL | C39: KETERANGAN | D39: JUMLAH | E39: PARAF
C45: Jumlah Penerimaan | D45: =SUM(D40:D44) -> 0

Sheet Sheet5
A1: PA HERI | C1: Pa Dedi | E1: PA MAMAT | G1: NISA | I1: Pa Uden | K1: Pa Engkus
A2: Upah Pa Heri Pro SMP | B2: 220000 | C2: Upah Pa Dedi Ke Jakarta | D2: 270000 | E2: Upah Tukang (Pa mamat) Pek Pasang Karpet,Aksesoris,dll Pro SMP | F2: 1110000 | G2: Kerohiman (Pa Ocid) | H2: 500000 | I2: Pemb Tinta HP Smart 7740 (4 Btl) | J2: 2000000
A3: Upah Pa Heri (Sumedang) | B3: 660000 | C3: Upah Pa Dedi (5 Hari) Pro SMA | D3: 300000 | E3: Upah Tukang Pa Mamat (Pek Dren AC 201 LT 2 )Pro SMA | F3: 2480000 | G3: Pelunasan Pek Gordeng Pro SD | H3: 4068000 | I3: Buku Pengajuan | J3: 300000
A4: Kekurangan Kas Logistik | B4: 54000 | C4: Upah Pa Dedi RT Bu Ani | D4: 600000 | E4: Upah Tukang RT Bu Ani | F4: 1280000 | G4: Konsumsi Rapat 12/1 Pro SD | H4: 311500
A5: Upah Pa Heri RT Bu Ani | B5: 440000 | G5: KONTRABON RESTULOGAM 14/1 SMA | H5: 38500
G6: Pemb Matrial RT Bu Ani | H6: 2120000
G7: KONTRABON RESTULOGAM 12/1 Rt Bu Ani | H7: 130000
B15: =SUM(B2:B14) -> 1374000 | D15: =SUM(D2:D14) -> 1170000 | F15: =SUM(F2:F14) -> 4870000 | H15: =SUM(H2:H14) -> 7168000 | J15: =SUM(J2:J14) -> 2300000 | K15: =SUM(K2:K14) -> 0 | L15: =SUM(L2:L14) -> 0
C16: Kasbon | D16: 100000
F17: =F15-F4 -> 3590000
D18: =D15-D16 -> 1070000

Sheet Sheet8
A1: REKAPAN PENGAJUAN | J1: REKAPAN PENGAJUAN
A2: PER TANGGAL 22 Januari 2026 | J2: PER TANGGAL 22 Januari 2026
A3: POSISI KAS SAAT INI | J3: POSISI KAS SAAT INI
C4: Kas Besar (Nisa) | D4: 0 | L4: Kas Besar (Nisa) | M4: 0
C5: Mandiri Akhmad Jaelani | D5: 65618079 | L5: Mandiri Akhmad Jaelani | M5: 65618079
C6: Mandiri CBS (Lagi gangguan | D6: 346369459 | L6: Mandiri CBS (Lagi gangguan | M6: 346369459
C7: BJB CBS | D7: 1146153 | L7: BJB CBS | M7: 1146153
C8: BJB CRS | D8: 3297736 | L8: BJB CRS | M8: 3297736
C9: BRI CRS | D9: 2626657 | L9: BRI CRS | M9: 2626657
A11: TOTAL POSISI KAS DAN BANK TGL 22 Januari 2026 | H11: =SUM(D4:D9) -> 4.1905808e+08 | J11: TOTAL POSISI KAS DAN BANK TGL 22 Januari 2026 | Q11: =SUM(M4:M9) -> 4.1905808e+08
A12: UMUM | J12: UMUM
A13: TGL | B13: NO KAS | C13: KETERANGAN PENGAJUAN | D13: PENGAJUAN | E13: PENCAIRAN | J13: TGL | K13: NO KAS | L13: KETERANGAN PENGAJUAN | M13: PENGAJUAN | N13: PENCAIRAN
E14: SUDAH | F14: CASH | G14: GIRO | H14: TRANSFER | N14: SUDAH | O14: CASH | P14: GIRO | Q14: TRANSFER
B15: Ku.26.006 | C15: Kekurangan Pemb tinta HP Smart 7740 | D15: 500000 | K15: Ku.26.006 | L15: Kekurangan Pemb tinta HP Smart 7740 | M15: 500000
B16: Ku.26.007 | C16: Air Minum (2 Gln) | D16: 34000 | K16: Ku.26.007 | L16: Air Minum (2 Gln) | M16: 34000
B17: Ku.26.007 | C17: Aqua Gelas untuk rapat Tgl 17/1 (Talangan Pa Dedi) | D17: 30000 | K17: Ku.26.007 | L17: Aqua Gelas untuk rapat Tgl 17/1 (Talangan Pa Dedi) | M17: 30000
B18: Ku.26.007 | C18: Pemb Sapu Ijuk | D18: 50000 | K18: Ku.26.007 | L18: Pemb Sapu Ijuk | M18: 50000
C20: JUMLAH PENGAJUAN UMUM | D20: =SUM(D15:D19) -> 614000 | L20: JUMLAH PENGAJUAN UMUM | M20: =SUM(M15:M19) -> 614000
B21: Jumlah Yang Belum Dibayar | H21: =+D20 -> 614000 | K21: Jumlah Yang Belum Dibayar | Q21: =+M20 -> 614000
A22: TOTAL PENGAJUAN UMUM | E22: =+H21 -> 614000 | J22: TOTAL PENGAJUAN UMUM | N22: =+Q21 -> 614000
A23: ALCENT | J23: ALCENT
B24: Kt.26.046 | C24: Sewa Scaffolding Tgl 18/12-16/1 Pro SMA | D24: 642000 | K24: Kt.26.046 | L24: Sewa Scaffolding Tgl 18/12-16/1 Pro SMA | M24: 642000
B25: Kt.26.049 | C25: Pemb Acrilik,Wallpaper,dll Pro SMA (Pa Heri) | D25: =490000+1120000+15000 -> 1625000 | K25: Kt.26.049 | L25: Pemb Acrilik,Wallpaper,dll Pro SMA (Pa Heri)
B26: Kt.26.049 | C26: Upah Tukang Pasangan Wallppaper Pro SMA | D26: 280000 | K26: Kt.26.049 | L26: Upah Tukang Pasangan Wallppaper Pro SMA
B27: Kt.26.051 | C27: Pemb Pek Pemasangan Kawat Duri & Pengecetan (Pa Karsana) Pro SMA | D27: 2100000 | K27: Kt.26.051 | L27: Pemb Pek Pemasangan Kawat Duri & Pengecetan (Pa Karsana) Pro SMA | M27: 2100000
B28: Kt.26.055 | C28: Upah Pemasangan huruf timbul R.Tu Pro SMP (A Adit) | D28: 100000 | K28: Kt.26.055 | L28: Upah Pemasangan huruf timbul R.Tu Pro SMP (A Adit) | M28: 100000
B29: Kt.26.057 | C29: Upah Tukang (Pa Mamat) Pek Dren AC R. Yayasan,Pluran & Bocoran Pro SMA | D29: 1010000 | K29: Kt.26.057 | L29: Upah Tukang (Pa Mamat) Pek Dren AC R. Yayasan,Pluran & Bocoran Pro SMA | M29: 1010000
B30: Kt.26.057 | C30: Upah Pa Dedi Pro SMA | D30: 150000 | K30: Kt.26.057 | L30: Upah Pa Dedi Pro SMA | M30: 150000
B31: Kt.26.057 | C31: Bon matrial talangan pa Mamat (Pemb V-sock,Plug,dop,dll) Pro SMA | D31: 25000 | K31: Kt.26.057 | L31: Bon matrial talangan pa Mamat (Pemb V-sock,Plug,dop,dll) Pro SMA | M31: 25000
B32: Kt.26.057 | C32: Upah Tukang Alumunium Tgl 24 Pro SMA Bongkar Pasang Jendela | D32: 150000 | K32: Kt.26.057 | L32: Upah Tukang Alumunium Tgl 24 Pro SMA Bongkar Pasang Jendela | M32: 150000
B33: Kt.26.057 | C33: Upah Pa Heri Pro SMA | D33: 220000 | K33: Kt.26.057 | L33: Upah Pa Heri Pro SMA | M33: 220000
B34: Kt.26.058 | C34: Upah Tukang Listrik Tgl 24 (Pasang Lampu Area perpus) Pa Soni Pro TK | D34: 150000 | K34: Kt.26.058 | L34: Upah Tukang Listrik Tgl 24 (Pasang Lampu Area perpus) Pa Soni Pro TK | M34: 150000
B35: Kt.26.058 | C35: Upah Pa Heri Pro TK | D35: =220000 -> 220000 | K35: Kt.26.058 | L35: Upah Pa Heri Pro TK | M35: =220000 -> 220000
B36: Kt.26.059 | C36: Upah Pa Heri Pro SD | D36: 220000 | K36: Kt.26.059 | L36: Upah Pa Heri Pro SD | M36: 220000
B37: Kt.26.060 | C37: Pelunasan perbaikan pintu SMA (Yoda) | D37: 1000000 | K37: Kt.26.060 | L37: Pelunasan perbaikan pintu SMA (Yoda) | M37: 1000000
C39: JUMLAH PENGAJUAN SD,SMP,SMA | D39: =SUM(D24:D37) -> 7892000 | L39: JUMLAH PENGAJUAN SD,SMP,SMA | M39: =SUM(M24:M37) -> 5987000
C40: Jumlah Yang Belum Dibayar | E40: =D39 -> 7892000 | L40: Jumlah Yang Belum Dibayar | N40: =M39 -> 5987000
A41: Jl. Gitar & Antapani | J41: Jl. Gitar & Antapani
B42: Kt.26.043 | C42: Pemb Pressure Control Pro Jl Gitar | D42: 380000 | K42: Kt.26.043 | L42: Pemb Pressure Control Pro Jl Gitar | M42: 380000
B43: Kt.26.047 | C43: Sewa Scaffolding Tgl 7 Des 25 - 5 Jan 26 Jl Gitar | D43: 92500 | K43: Kt.26.047 | L43: Sewa Scaffolding Tgl 7 Des 25 - 5 Jan 26 Jl Gitar | M43: 92500
B44: Kt.26.060 | C44: Upah Pa Heri Pro Antapani | D44: 220000 | K44: Kt.26.060 | L44: Upah Pa Heri Pro Antapani | M44: 220000
C46: JUMLAH PENGAJUAN Jl. Gitar & Antapani | D46: =SUM(D42:D44) -> 692500 | E46: 0 | F46: 0 | L46: JUMLAH PENGAJUAN Jl. Gitar & Antapani | M46: =SUM(M42:M44) -> 692500 | N46: 0 | O46: 0
C47: Jumlah Yang Belum Dibayar | E47: =D46 -> 692500 | L47: Jumlah Yang Belum Dibayar | N47: =M46 -> 692500
A48: Sumedang | J48: Sumedang
B49: Kt.26.042 | C49: Upah Pa Heri (Sumedang) | K49: Kt.26.042 | L49: Upah Pa Heri (Sumedang)
C53: JUMLAH PENGAJUAN Sumedang | D53: =SUM(D49:D52) -> 0 | E53: 0 | F53: 0 | L53: JUMLAH PENGAJUAN Sumedang | M53: =SUM(M49:M52) -> 0 | N53: 0 | O53: 0
C54: Jumlah Yang Belum Dibayar | E54: =D53 -> 0 | L54: Jumlah Yang Belum Dibayar | N54: =M53 -> 0
A55: Tanggerang | J55: Tanggerang
B56: Kt.26.050 | C56: SPJ Ke 20 Tgl 23/1 Pro Tanggerang | K56: Kt.26.050 | L56: SPJ Ke 20 Tgl 23/1 Pro Tanggerang
B57: Kt.26.050 | C57: Pemb Matrial Pro Tanggerang | K57: Kt.26.050 | L57: Pemb Matrial Pro Tanggerang
B58: Kt.26.050 | C58: Upah Pa Heri Pro Tanggerang | K58: Kt.26.050 | L58: Upah Pa Heri Pro Tanggerang
B59: Kt.26.050 | C59: Upah Pa Dedi Pro Tanggerang | K59: Kt.26.050 | L59: Upah Pa Dedi Pro Tanggerang
C60: JUMLAH PENGAJUAN Sumedang | D60: =SUM(D56:D59) -> 0 | E60: 0 | F60: 0 | L60: JUMLAH PENGAJUAN Sumedang | M60: =SUM(M56:M59) -> 0 | N60: 0 | O60: 0
C61: Jumlah Yang Belum Dibayar | E61: =D60 -> 0 | L61: Jumlah Yang Belum Dibayar | N61: =M60 -> 0
A62: KONTRABON | J62: KONTRABON
C70: JUMLAH PENGAJUAN Kontrabon | D70: =SUM(D63:D69) -> 0 | L70: JUMLAH PENGAJUAN Kontrabon | M70: =SUM(M63:M69) -> 0
C71: Jumlah Yang Belum Dibayar | E71: =D70 -> 0 | L71: Jumlah Yang Belum Dibayar | N71: =M70 -> 0
A72: TAMBAHAN PENGAJUAN | J72: TAMBAHAN PENGAJUAN
C75: JUMLAH PENGAJUAN | D75: =SUM(D73:D74) -> 0 | E75: 0 | F75: 0 | L75: JUMLAH PENGAJUAN | M75: =SUM(M73:M74) -> 0 | N75: 0 | O75: 0
C76: Jumlah Yang Belum Dibayar | E76: =D75 -> 0 | L76: Jumlah Yang Belum Dibayar | N76: =M75 -> 0
A77: TOTAL PENGAJUAN KONTRAKTOR | E77: =E40+E47+E71+E76+E54+E61 -> 8584500 | J77: TOTAL PENGAJUAN KONTRAKTOR | N77: =N40+N47+N71+N76+N54+N61 -> 6679500
A78: JUMLAH KESELURUHAN PENGAJUAN | E78: =+E22+E77 -> 9198500 | J78: JUMLAH KESELURUHAN PENGAJUAN | N78: =+N22+N77 -> 7293500
A79: TAMBAHAN PENGAJUAN | J79: TAMBAHAN PENGAJUAN
A85: JUMLAH | D85: =SUM(D80:D84) -> 0 | J85: JUMLAH | M85: =SUM(M80:M84) -> 0
A86: TOTAL | J86: TOTAL
A88: PENCAIRAN | J88: PENCAIRAN
A89: NO | B89: TANGGAL | C89: KETERANGAN | D89: JUMLAH | E89: PARAF | J89: NO | K89: TANGGAL | L89: KETERANGAN | M89: JUMLAH | N89: PARAF
C95: Jumlah Penerimaan | D95: =SUM(D90:D94) -> 0 | L95: Jumlah Penerimaan | M95: =SUM(M90:M94) -> 0

Sheet Pengajuan RT BU Ani 
A1: REKAPAN PENGAJUAN
A2: PER TANGGAL 22 Januari 2026
A3: POSISI KAS SAAT INI
C4: Kas Besar (Nisa) | D4: 28060000
C5: Mandiri Akhmad Jaelani
C6: Mandiri CBS
C7: BJB CBS
C8: BJB CRS
C9: BRI CRS
A11: TOTAL POSISI KAS DAN BANK TGL 22 Januari 2026 | H11: =SUM(D4:D9) -> 28060000
A12: RT Bu ANI
B13: Kt.26.039 | C13: Upah Tukang RT Bu Ani | D13: 2978000
B14: Kt.26.039 | C14: Upah Pa Heri RT Bu Ani | D14: =220000*2 -> 440000
B15: Kt.26.039 | C15: Upah Pa Dedi RT Bu Ani | D15: =150000*6 -> 900000
C18: JUMLAH PENGAJUAN RT Bu Ani | D18: =SUM(D13:D17) -> 4318000
C19: Jumlah Yang Belum Dibayar | E19: =D18 -> 4318000
A20: Kontrabon
C26: JUMLAH PENGAJUAN RT Bu Ani | D26: =SUM(D21:D25) -> 0
C27: Jumlah Yang Belum Dibayar | E27: =D26 -> 0
A28: TOTAL PENGAJUAN | E28: =E19+E27 -> 4318000
A29: TAMBAHAN PENGAJUAN
A35: JUMLAH | D35: =SUM(D30:D34) -> 0
A36: TOTAL
A38: PENCAIRAN
A39: NO | B39: TANGGAL | C39: KETERANGAN | D39: JUMLAH | E39: PARAF
C45: Jumlah Penerimaan | D45: =SUM(D40:D44) -> 0

Sheet Sheet6
A1: PA HERI | C1: Pa Dedi | E1: PA MAMAT | G1: NISA | I1: Pa Uden | K1: Pa Engkus
A2: Upah Pa Heri Pro SMP | B2: 220000 | C2: Upah Pa Dedi Ke Jakarta | D2: 270000 | E2: Upah Tukang (Pa mamat) Pek Pasang Karpet,Aksesoris,dll Pro SMP | F2: 1110000 | G2: Kerohiman (Pa Ocid) | H2: 500000 | I2: Pemb Tinta HP Smart 7740 (4 Btl) | J2: 2000000
A3: Upah Pa Heri (Sumedang) | B3: 660000 | C3: Upah Pa Dedi (5 Hari) Pro SMA | D3: 300000 | E3: Upah Tukang Pa Mamat (Pek Dren AC 201 LT 2 )Pro SMA | F3: 2480000 | G3: Pelunasan Pek Gordeng Pro SD | H3: 4068000 | I3: Buku Pengajuan | J3: 300000
A4: Kekurangan Kas Logistik | B4: 54000 | C4: Upah Pa Dedi RT Bu Ani | D4: 600000 | E4: Upah Tukang RT Bu Ani | F4: 1280000 | G4: Konsumsi Rapat 12/1 Pro SD | H4: 311500
A5: Upah Pa Heri RT Bu Ani | B5: 440000 | G5: KONTRABON RESTULOGAM 14/1 SMA | H5: 38500
G6: Pemb Matrial RT Bu Ani | H6: 2120000
G7: KONTRABON RESTULOGAM 12/1 Rt Bu Ani | H7: 130000
B15: =SUM(B2:B14) -> 1374000 | D15: =SUM(D2:D14) -> 1170000 | F15: =SUM(F2:F14) -> 4870000 | H15: =SUM(H2:H14) -> 7168000 | J15: =SUM(J2:J14) -> 2300000 | K15: =SUM(K2:K14) -> 0 | L15: =SUM(L2:L14) -> 0
C16: Kasbon | D16: 100000
F17: =F15-F4 -> 3590000
D18: =D15-D16 -> 1070000

Sheet Sheet9
A1: REKAPAN PENGAJUAN | J1: REKAPAN PENGAJUAN
A2: PER TANGGAL 29 Januari 2026 | J2: PER TANGGAL 29 Januari 2026
A3: POSISI KAS SAAT INI | J3: POSISI KAS SAAT INI
C4: Kas Besar (Nisa) | D4: 0 | L4: Kas Besar (Nisa) | M4: 0
C5: Mandiri Akhmad Jaelani | D5: 48518079 | L5: Mandiri Akhmad Jaelani | M5: 48518079
C6: Mandiri CBS | D6: 346369459 | L6: Mandiri CBS | M6: 346369459
C7: BJB CBS | D7: 1146153 | L7: BJB CBS | M7: 1146153
C8: BJB CRS | D8: 3297736 | L8: BJB CRS | M8: 3297736
C9: BRI CRS | D9: 2626657 | L9: BRI CRS | M9: 2626657
A11: TOTAL POSISI KAS DAN BANK TGL 29 Januari 2026 | H11: =SUM(D4:D9) -> 401958084 | J11: TOTAL POSISI KAS DAN BANK TGL 29 Januari 2026 | Q11: =SUM(M4:M9) -> 401958084
A12: UMUM | J12: UMUM
A13: TGL | B13: NO KAS | C13: KETERANGAN PENGAJUAN | D13: PENGAJUAN | E13: PENCAIRAN | J13: TGL | K13: NO KAS | L13: KETERANGAN PENGAJUAN | M13: PENGAJUAN | N13: PENCAIRAN
E14: SUDAH | F14: CASH | G14: GIRO | H14: TRANSFER | N14: SUDAH | O14: CASH | P14: GIRO | Q14: TRANSFER
B15: Ku.25.011 | C15: Service Motor Beat | D15: 350000 | K15: Ku.25.011 | L15: Service Motor Beat
B16: Ku.25.011 | C16: Pemb Materai | D16: 300000 | K16: Ku.25.011 | L16: Pemb Materai
B17: Ku.25.011 | C17: Upah Pa Dedi | D17: 150000 | K17: Ku.25.011 | L17: Upah Pa Dedi | M17: 150000
B18: Ku.25.011 | C18: Upah Pa Heri (Buana Sari) | D18: 440000 | K18: Ku.25.011 | L18: Upah Pa Heri (Buana Sari) | M18: 440000
B19: Ku.25.012 | C19: BPJS Kesehatan | D19: 1194312 | K19: Ku.25.012 | L19: BPJS Kesehatan
B20: Ku.25.012 | C20: BPJS Tenaga Kerja | D20: 450000 | K20: Ku.25.012 | L20: BPJS Tenaga Kerja
B21: Ku.25.012 | C21: BPJS PA Bey | D21: 202500 | K21: Ku.25.012 | L21: BPJS PA Bey
B22: Ku.25.012 | C22: Iuran rt rw | D22: 250000 | K22: Ku.25.012 | L22: Iuran rt rw
B23: Ku.25.012 | C23: Telphone & Internet | D23: 503500 | K23: Ku.25.012 | L23: Telphone & Internet
B24: Ku.25.012 | C24: Listrik | D24: 503500 | K24: Ku.25.012 | L24: Listrik
B25: Ku.25.012 | C25: Kebutuhan kantor | D25: 350000 | K25: Ku.25.012 | L25: Kebutuhan kantor | M25: 350000
B26: Ku.25.012 | C26: ATK (Pemb Map Plastik) | D26: 100000 | K26: Ku.25.012 | L26: ATK (Pemb Map Plastik)
C28: JUMLAH PENGAJUAN UMUM | D28: =SUM(D15:D27) -> 4793812 | L28: JUMLAH PENGAJUAN UMUM | M28: =SUM(M15:M27) -> 940000
B29: Jumlah Yang Belum Dibayar | H29: =+D28 -> 4793812 | K29: Jumlah Yang Belum Dibayar | Q29: =+M28 -> 940000
A30: TOTAL PENGAJUAN UMUM | E30: =+H29 -> 4793812 | J30: TOTAL PENGAJUAN UMUM | N30: =+Q29 -> 940000
A31: ALCENT | J31: ALCENT
B32: Kt.26.049 | C32: Upah Pasang Wallpaper Pro SMA | D32: 320000 | K32: Kt.26.049 | L32: Upah Pasang Wallpaper Pro SMA | M32: 320000
B33: Kt.26.074 | C33: Pemb Lampu Inlite (Talangan Pa Heri) Pro TK | D33: 83500 | K33: Kt.26.074 | L33: Pemb Lampu Inlite (Talangan Pa Heri) Pro TK | M33: 83500
B34: Kt.26.069 | C34: Buang Sampah Barangkal & BBM Pro SMP 13 | D34: 200000 | K34: Kt.26.069 | L34: Buang Sampah Barangkal & BBM Pro SMP 13 | M34: 200000
B35: Kt.26.075 | C35: Pek Pembuatan Tiang Bendera Portable (Pa Karsana) Pro SMP | D35: 1500000 | K35: Kt.26.075 | L35: Pek Pembuatan Tiang Bendera Portable (Pa Karsana) Pro SMP
B36: Kt.26.076 | C36: Pemb Matrial (Pemb Cat Dulux) Pro TK (A Adit) | D36: 1940000 | K36: Kt.26.076 | L36: Pemb Matrial (Pemb Cat Dulux) Pro TK (A Adit) | M36: 1940000
B37: Kt.26.076 | C37: Upah Tukang Pa Mamat (Pekerjaan Pegecetan Ruang Kls Pro TK/EN | D37: 320000 | K37: Kt.26.076 | L37: Upah Tukang Pa Mamat (Pekerjaan Pegecetan Ruang Kls Pro TK/EN | M37: 320000
B38: Kt.26.079 | C38: Upah Tukang Pa Mamat (Pek Perapihan R. UKS & Perapihan Bolongan Plafond) SD | D38: 360000 | K38: Kt.26.079 | L38: Upah Tukang Pa Mamat (Pek Perapihan R. UKS & Perapihan Bolongan Plafond) SD | M38: 360000
B39: Kt.26.079 | C39: Upah Pa Heri Pro SD | D39: 220000 | K39: Kt.26.079 | L39: Upah Pa Heri Pro SD | M39: 220000
B40: Kt.26.079 | C40: Upah Tukang Listrik Pro SD | D40: 150000 | K40: Kt.26.079 | L40: Upah Tukang Listrik Pro SD | M40: 150000
B41: Kt.26.080 | C41: Upah Tukang Pa Mamat (Pekerjaan Bocoran Lt. 3 ) Pro SMA | D41: 460000 | K41: Kt.26.080 | L41: Upah Tukang Pa Mamat (Pekerjaan Bocoran Lt. 3 ) Pro SMA | M41: 460000
B42: Kt.26.082 | C42: Upah Tukang Pa Mamat (Pek Pelapisan cat Plafond & Tambal solam genteng) SMP 13 | D42: 1880000 | K42: Kt.26.082 | L42: Upah Tukang Pa Mamat (Pek Pelapisan cat Plafond & Tambal solam genteng) SMP 13 | M42: 1880000
B43: Kt.26.082 | C43: Upah Pa Dedi Pro SMP 13 | D43: 300000 | K43: Kt.26.082 | L43: Upah Pa Dedi Pro SMP 13 | M43: 300000
C48: JUMLAH PENGAJUAN SD,SMP,SMA | D48: =SUM(D32:D46) -> 7733500 | L48: JUMLAH PENGAJUAN SD,SMP,SMA | M48: =SUM(M32:M46) -> 6233500
C49: Jumlah Yang Belum Dibayar | E49: =D48 -> 7733500 | L49: Jumlah Yang Belum Dibayar | N49: =M48 -> 6233500
A50: Jl. Gitar & Antapani | J50: Jl. Gitar & Antapani
C55: JUMLAH PENGAJUAN Jl. Gitar & Antapani | D55: =SUM(D51:D53) -> 0 | E55: 0 | F55: 0 | L55: JUMLAH PENGAJUAN Jl. Gitar & Antapani | M55: =SUM(M51:M53) -> 0 | N55: 0 | O55: 0
C56: Jumlah Yang Belum Dibayar | E56: =D55 -> 0 | L56: Jumlah Yang Belum Dibayar | N56: =M55 -> 0
A57: Sumedang | J57: Sumedang
B58: Kt.26.042 | C58: Upah Pa Heri (Sumedang) | K58: Kt.26.042 | L58: Upah Pa Heri (Sumedang)
C62: JUMLAH PENGAJUAN Sumedang | D62: =SUM(D58:D61) -> 0 | E62: 0 | F62: 0 | L62: JUMLAH PENGAJUAN Sumedang | M62: =SUM(M58:M61) -> 0 | N62: 0 | O62: 0
C63: Jumlah Yang Belum Dibayar | E63: =D62 -> 0 | L63: Jumlah Yang Belum Dibayar | N63: =M62 -> 0
A64: Tanggerang | J64: Tanggerang
B65: Kt.26.083 | C65: Upah Tukang Pro Tanggerang | D65: 325000 | K65: Kt.26.083 | L65: Upah Tukang Pro Tanggerang | M65: 325000
C69: JUMLAH PENGAJUAN Tanggerang | D69: =SUM(D65:D68) -> 325000 | E69: 0 | F69: 0 | L69: JUMLAH PENGAJUAN Tanggerang | M69: =SUM(M65:M68) -> 325000 | N69: 0 | O69: 0
C70: Jumlah Yang Belum Dibayar | E70: =D69 -> 325000 | L70: Jumlah Yang Belum Dibayar | N70: =M69 -> 325000
A71: KONTRABON | J71: KONTRABON
B72: Kt.26.072 | C72: KONTRABON RESTULOGAM 24/1 (Pemb Aquaproof,Kuas,Holo,dll) Pro SD | D72: 312000 | K72: Kt.26.072 | L72: KONTRABON RESTULOGAM 24/1 (Pemb Aquaproof,Kuas,Holo,dll) Pro SD
B73: Kt.26.073 | C73: KONTRABON RESTULOGAM 27/1 (Pemb Aquaproof,Serat,Kuas,dll) Pro SMP 13 | D73: 1724500 | K73: Kt.26.073 | L73: KONTRABON RESTULOGAM 27/1 (Pemb Aquaproof,Serat,Kuas,dll) Pro SMP 13
B74: Kt.26.073 | C74: KONTRABON RESTULOGAM 29/1 (Pemb Skrup Gipsum) Pro SMP 13 | D74: 12000 | K74: Kt.26.073 | L74: KONTRABON RESTULOGAM 29/1 (Pemb Skrup Gipsum) Pro SMP 13
B75: Kt.26.085 | C75: KONTRABON RESTULOGAM 29/1 (Pemb Siku Alumunium,Cat,Kuas,dll) Pro SMP | D75: 215000 | K75: Kt.26.085 | L75: KONTRABON RESTULOGAM 29/1 (Pemb Siku Alumunium,Cat,Kuas,dll) Pro SMP
B76: Kt.26.086 | C76: KONTRABON RESTULOGAM 29/1 (Pemb Roll cat,Kuas, Hamplas,dll) Pro TK | D76: 292500 | K76: Kt.26.086 | L76: KONTRABON RESTULOGAM 29/1 (Pemb Roll cat,Kuas, Hamplas,dll) Pro TK
C79: JUMLAH PENGAJUAN Kontrabon | D79: =SUM(D72:D78) -> 2556000 | L79: JUMLAH PENGAJUAN Kontrabon | M79: =SUM(M72:M78) -> 0
C80: Jumlah Yang Belum Dibayar | E80: =D79 -> 2556000 | L80: Jumlah Yang Belum Dibayar | N80: =M79 -> 0
A81: TAMBAHAN PENGAJUAN | J81: TAMBAHAN PENGAJUAN
L82: Pek Perbaikan AC SD | M82: 1235000
L83: Service Motor Beat | M83: 350000
C84: JUMLAH PENGAJUAN | D84: =SUM(D82:D83) -> 0 | E84: 0 | F84: 0 | L84: JUMLAH PENGAJUAN | M84: =SUM(M82:M83) -> 1585000 | N84: 0 | O84: 0
C85: Jumlah Yang Belum Dibayar | E85: =D84 -> 0 | L85: Jumlah Yang Belum Dibayar | N85: =M84 -> 1585000
A86: TOTAL PENGAJUAN KONTRAKTOR | E86: =E49+E56+E80+E85+E63+E70 -> 10614500 | J86: TOTAL PENGAJUAN KONTRAKTOR | N86: =N49+N56+N80+N85+N63+N70 -> 8143500
A87: JUMLAH KESELURUHAN PENGAJUAN | E87: =+E30+E86 -> 15408312 | J87: JUMLAH KESELURUHAN PENGAJUAN | N87: =+N30+N86 -> 9083500
A88: TAMBAHAN PENGAJUAN | J88: TAMBAHAN PENGAJUAN
A94: JUMLAH | D94: =SUM(D89:D93) -> 0 | J94: JUMLAH | M94: =SUM(M89:M93) -> 0
A95: TOTAL | J95: TOTAL
A97: PENCAIRAN | J97: PENCAIRAN
A98: NO | B98: TANGGAL | C98: KETERANGAN | D98: JUMLAH | E98: PARAF | J98: NO | K98: TANGGAL | L98: KETERANGAN | M98: JUMLAH | N98: PARAF
K99: 46052 | L99: Cash Pa Giri | M99: 8500000
L100: Sisa uang matrial SMPN 13 | M100: 613000
C104: Jumlah Penerimaan | D104: =SUM(D99:D103) -> 0 | L104: Jumlah Penerimaan | M104: =SUM(M99:M103) -> 9113000
M105: =+M104-N87 -> 29500

Sheet Pengajuan RT Bu Ani 3
A1: REKAPAN PENGAJUAN
A2: PER TANGGAL 22 Januari 2026
A3: POSISI KAS SAAT INI
C4: Kas Besar (Nisa) | D4: 28060000
C5: Mandiri Akhmad Jaelani
C6: Mandiri CBS
C7: BJB CBS
C8: BJB CRS
C9: BRI CRS
A11: TOTAL POSISI KAS DAN BANK TGL 22 Januari 2026 | H11: =SUM(D4:D9) -> 28060000
A12: RT Bu ANI
B13: Kt.26.081 | C13: Upah Tukang RT Bu Ani | D13: 3150000
B14: Kt.26.081 | C14: Upah Pa Heri RT Bu Ani | D14: =220000*3 -> 660000
B15: Kt.26.081 | C15: Upah Pa Dedi RT Bu Ani | D15: 600000
C18: JUMLAH PENGAJUAN RT Bu Ani | D18: =SUM(D13:D17) -> 4410000
C19: Jumlah Yang Belum Dibayar | E19: =D18 -> 4410000
A20: Kontrabon
C26: JUMLAH PENGAJUAN RT Bu Ani | D26: =SUM(D21:D25) -> 0
C27: Jumlah Yang Belum Dibayar | E27: =D26 -> 0
A28: TOTAL PENGAJUAN | E28: =E19+E27 -> 4410000
A29: TAMBAHAN PENGAJUAN
A35: JUMLAH | D35: =SUM(D30:D34) -> 0
A36: TOTAL
A38: PENCAIRAN
A39: NO | B39: TANGGAL | C39: KETERANGAN | D39: JUMLAH | E39: PARAF
C45: Jumlah Penerimaan | D45: =SUM(D40:D44) -> 0

Sheet Sheet11
A1: PA HERI | C1: Pa Dedi | E1: PA MAMAT | G1: NISA | I1: Pa Uden | K1: Pa Engkus
A2: Upah Pa Heri (Buana Sari) | B2: 440000 | C2: Upah Pa Dedi | D2: 150000 | E2: Upah Tukang Pa Mamat (Pekerjaan Pegecetan Ruang Kls Pro TK/EN | F2: 320000 | G2: Kebutuhan kantor | H2: 350000
A3: Upah Pasang Wallpaper Pro SMA | B3: 320000 | C3: Upah Pa Dedi Pro SMP 13 | D3: 300000 | E3: Upah Tukang Pa Mamat (Pek Perapihan R. UKS & Perapihan Bolongan Plafond) SD | F3: 360000 | G3: Buang Sampah Barangkal & BBM Pro SMP 13 | H3: 200000
A4: Pemb Lampu Inlite (Talangan Pa Heri) Pro TK | B4: 83500 | C4: Upah Pa Dedi RT Bu Ani | D4: 600000 | E4: Upah Tukang Pa Mamat (Pekerjaan Bocoran Lt. 3 ) Pro SMA | F4: 460000 | G4: Pemb Matrial (Pemb Cat Dulux) Pro TK (A Adit) | H4: 1940000
A5: Upah Pa Heri Pro SD | B5: 220000 | E5: Upah Tukang Pa Mamat (Pek Pelapisan cat Plafond & Tambal solam genteng) SMP 13 | F5: 1880000 | G5: Pek Perbaikan AC SD | H5: 1235000
A6: Upah Tukang Listrik Pro SD | B6: 150000 | G6: Service Motor Beat | H6: 350000
A7: Upah Tukang Pro Tanggerang | B7: 325000 | G7: Upah Tukang RT Bu Ani | H7: 3150000
A8: Upah Pa Heri RT Bu Ani | B8: =220000*3 -> 660000
B15: =SUM(B2:B14) -> 2198500 | D15: =SUM(D2:D14) -> 1050000 | F15: =SUM(F2:F14) -> 3020000 | H15: =SUM(H2:H14) -> 7225000 | J15: =SUM(J2:J14) -> 0 | K15: =SUM(K2:K14) -> 0 | L15: =SUM(L2:L14) -> 0
C16: Kasbon | D16: 100000
D17: =+D15-D16 -> 950000
L18: =+H15+F15+D15+B15 -> 13493500

Sheet Sheet 12
A1: REKAPAN PENGAJUAN | J1: REKAPAN PENGAJUAN
A2: PER TANGGAL 05 Februari 2026 | J2: PER TANGGAL 05 Februari 2026
A3: POSISI KAS SAAT INI | J3: POSISI KAS SAAT INI
C4: Kas Besar (Nisa) | D4: 0 | L4: Kas Besar (Nisa) | M4: 0
C5: Mandiri Akhmad Jaelani | D5: 70265 | L5: Mandiri Akhmad Jaelani | M5: 70265
C6: Mandiri CBS (Lagi gangguan | D6: 288673500 | L6: Mandiri CBS (Lagi gangguan | M6: 288673500
C7: BJB CBS | D7: 1146153 | L7: BJB CBS | M7: 1146153
C8: BJB CRS | D8: 3297736 | L8: BJB CRS | M8: 3297736
C9: BRI CRS | D9: 2626657 | L9: BRI CRS | M9: 2626657
A11: TOTAL POSISI KAS DAN BANK TGL 05 Februari 2026 | H11: =SUM(D4:D9) -> 295814311 | J11: TOTAL POSISI KAS DAN BANK TGL 05 Februari 2026 | Q11: =SUM(M4:M9) -> 295814311
A12: UMUM | J12: UMUM
A13: TGL | B13: NO KAS | C13: KETERANGAN PENGAJUAN | D13: PENGAJUAN | E13: PENCAIRAN | J13: TGL | K13: NO KAS | L13: KETERANGAN PENGAJUAN | M13: PENGAJUAN | N13: PENCAIRAN
E14: SUDAH | F14: CASH | G14: GIRO | H14: TRANSFER | N14: SUDAH | O14: CASH | P14: GIRO | Q14: TRANSFER
B15: Ku.26.011 | C15: Service Motor Beat | D15: 350000 | K15: Ku.26.011 | L15: Service Motor Beat | M15: 350000
B16: Ku.26.011 | C16: Pemb Materai | D16: 300000 | K16: Ku.26.011 | L16: Pemb Materai | M16: 300000
B17: Ku.26.011 | C17: Service Motor Jupiter | D17: 49500 | K17: Ku.26.011 | L17: Service Motor Jupiter | M17: 49500
B18: Ku.26.012 | C18: BPJS Kesehatan | D18: 1194312 | K18: Ku.26.012 | L18: BPJS Kesehatan | M18: 1194312
B19: Ku.26.012 | C19: BPJS Tenaga Kerja | D19: 450000 | K19: Ku.26.012 | L19: BPJS Tenaga Kerja | M19: 450000
B20: Ku.26.012 | C20: BPJS PA Bey | D20: 202500 | K20: Ku.26.012 | L20: BPJS PA Bey | M20: 202500
B21: Ku.26.012 | C21: Iuran rt rw | D21: 250000 | K21: Ku.26.012 | L21: Iuran rt rw | M21: 250000
B22: Ku.26.012 | C22: Telphone & Internet | D22: 503500 | K22: Ku.26.012 | L22: Telphone & Internet | M22: 503500
B23: Ku.26.012 | C23: Listrik | D23: 503500 | K23: Ku.26.012 | L23: Listrik | M23: 503500
B24: Ku.26.014 | C24: Air Minum 3 Gln | D24: 48000 | K24: Ku.26.014 | L24: Air Minum 3 Gln | M24: 48000
B25: Ku.26.014 | C25: Konsumsi Kunjungan SD White Bee Tgl 4/2 | D25: =450000+260000+26000 -> 736000 | K25: Ku.26.014 | L25: Konsumsi Kunjungan SD White Bee Tgl 4/2 | M25: =450000+260000+26000 -> 736000
C26: Pemb Brankas | D26: 1000000 | K26: Ku.26.014 | L26: Pemb Brankas | M26: 1000000
C29: JUMLAH PENGAJUAN UMUM | D29: =SUM(D15:D28) -> 5587312 | L29: JUMLAH PENGAJUAN UMUM | M29: =SUM(M15:M28) -> 5587312
B30: Jumlah Yang Belum Dibayar | H30: =+D29 -> 5587312 | K30: Jumlah Yang Belum Dibayar | Q30: =+M29 -> 5587312
A31: TOTAL PENGAJUAN UMUM | E31: =+H30 -> 5587312 | J31: TOTAL PENGAJUAN UMUM | N31: =+Q30 -> 5587312
A32: ALCENT | J32: ALCENT
B33: Kt.26.075 | C33: Pek Pembuatan Tiang Bendera Portable (Pa Karsana) Pro SMP | D33: 1500000 | K33: Kt.26.075 | L33: Pek Pembuatan Tiang Bendera Portable (Pa Karsana) Pro SMP | M33: 1500000
B34: Kt.26.094 | C34: Pek Pembuatan Rangka Meja Multimedia (Pa Karsana) Pro SMA | D34: 700000 | K34: Kt.26.094 | L34: Pek Pembuatan Rangka Meja Multimedia (Pa Karsana) Pro SMA | M34: 700000
B35: Kt.26.100 | C35: Sewa Scaffolding (Perpanjangan) Pro SMA | D35: 69000 | K35: Kt.26.100 | L35: Sewa Scaffolding (Perpanjangan) Pro SMA | M35: 69000
B36: Kt.26.101 | C36: Upah Tukang (Pengecetan Ruang Kls EN,Manhole Arba R. Guru,dll) Pro SD/TK EN | D36: 1121000 | K36: Kt.26.101 | L36: Upah Tukang (Pengecetan Ruang Kls EN,Manhole Arba R. Guru,dll) Pro SD/TK EN | M36: 1121000
B37: Kt.26.101 | C37: Upah Lemburan Tukang (Pek Pengecetan R. EN) Pro SD/TK EN | D37: 270000 | K37: Kt.26.101 | L37: Upah Lemburan Tukang (Pek Pengecetan R. EN) Pro SD/TK EN | M37: 270000
B38: Kt.26.101 | C38: Service Ganti Kaca Pro SD/TK EN | D38: 300000 | K38: Kt.26.101 | L38: Service Ganti Kaca Pro SD/TK EN | M38: 300000
B39: Kt.26.102 | C39: Upah Tukang Pa Mamat (Pek Pengecetan R. Wakasek,Pasang Lis Alumunium,dll) Pro SMP Alcent | D39: 635000 | K39: Kt.26.102 | L39: Upah Tukang Pa Mamat (Pek Pengecetan R. Wakasek,Pasang Lis Alumunium,dll) Pro SMP Alcent | M39: 635000
B40: Kt.26.102 | C40: Upah Pa Heri Pro SMP | D40: 220000 | K40: Kt.26.102 | L40: Upah Pa Heri Pro SMP | M40: 220000
B41: Kt.26.102 | C41: Upah Tukang Listrik Pa Soni (Pek Pemasngan Lampu) Pro SMP | D41: 150000 | K41: Kt.26.102 | L41: Upah Tukang Listrik Pa Soni (Pek Pemasngan Lampu) Pro SMP | M41: 150000
B42: Kt.26.103 | C42: Upah Tukang Pa Mamat (Pek Dren AC Area Sapras Lt 1,2,3,Tutup lubang Plafond,Exhaust R LSU dll) Pro SMA | D42: 880000 | K42: Kt.26.103 | L42: Upah Tukang Pa Mamat (Pek Dren AC Area Sapras Lt 1,2,3,Tutup lubang Plafond,Exhaust R LSU dll) Pro SMA | M42: 880000
B43: Kt.26.103 | C43: Pelunasan Pek Perbaikan Pintu HPL (Pa Yoda) Pro SMA | D43: 500000 | K43: Kt.26.103 | L43: Pelunasan Pek Perbaikan Pintu HPL (Pa Yoda) Pro SMA | M43: 500000
C45: JUMLAH PENGAJUAN SD,SMP,SMA | D45: =SUM(D33:D44) -> 6345000 | L45: JUMLAH PENGAJUAN SD,SMP,SMA | M45: =SUM(M33:M44) -> 6345000
C46: Jumlah Yang Belum Dibayar | E46: =D45 -> 6345000 | L46: Jumlah Yang Belum Dibayar | N46: =M45 -> 6345000
A47: SMP 13 | J47: SMP 13
B48: Kt.26.104 | C48: Upah Tukang Pa Mamat (Pek Bongkaran Kusen,dempul tembok,Pengecetan tembok,dll) Pro SMP 13 | D48: 1625000 | K48: Kt.26.104 | L48: Upah Tukang Pa Mamat (Pek Bongkaran Kusen,dempul tembok,Pengecetan tembok,dll) Pro SMP 13 | M48: 1625000
B49: Kt.26.104 | C49: Upah Pa Heri Pro SMP 13 | D49: 440000 | K49: Kt.26.104 | L49: Upah Pa Heri Pro SMP 13 | M49: 440000
B50: Kt.26.104 | C50: Upah Pa Dedi Pro SMP 13 | D50: 150000 | K50: Kt.26.104 | L50: Upah Pa Dedi Pro SMP 13 | M50: 150000
B51: Kt.26.104 | C51: Bon Matrial Pa Heri (Pemb Cat) + Admin Pro SMP 13 | D51: 306500 | K51: Kt.26.104 | L51: Bon Matrial Pa Heri (Pemb Cat) + Admin Pro SMP 13 | M51: 306500
B52: Kt.26.104 | C52: Pekerjaan Alumunium Pro SMP 13 | D52: 2000000 | K52: Kt.26.104 | L52: Pekerjaan Alumunium Pro SMP 13 | M52: 2000000
C54: JUMLAH PENGAJUAN SMP 13 | D54: =SUM(D48:D52) -> 4521500 | E54: 0 | F54: 0 | L54: JUMLAH PENGAJUAN SMP 13 | M54: =SUM(M48:M52) -> 4521500 | N54: 0 | O54: 0
C55: Jumlah Yang Belum Dibayar | E55: =D54 -> 4521500 | L55: Jumlah Yang Belum Dibayar | N55: =M54 -> 4521500
A56: Jl. Gitar & Antapani | J56: Jl. Gitar & Antapani
B57: Kt.26.099 | C57: Sewa Scaffolding (Perpanjangan) Jl Gitar | D57: 151000 | K57: Kt.26.099 | L57: Sewa Scaffolding (Perpanjangan) Jl Gitar | M57: 151000
C59: JUMLAH PENGAJUAN Jl. Gitar & Antapani | D59: =SUM(D57:D57) -> 151000 | E59: 0 | F59: 0 | L59: JUMLAH PENGAJUAN Jl. Gitar & Antapani | M59: =SUM(M57:M57) -> 151000 | N59: 0 | O59: 0
C60: Jumlah Yang Belum Dibayar | E60: =D59 -> 151000 | L60: Jumlah Yang Belum Dibayar | N60: =M59 -> 151000
A61: Sumedang | J61: Sumedang
B62: Kt.26.106 | C62: Upah Pa Heri Pro Sumedang | D62: 220000 | K62: Kt.26.106 | L62: Upah Pa Heri Pro Sumedang | M62: 220000
B63: Kt.26.106 | C63: Upah Pa Dedi Pro Sumedang | D63: 150000 | K63: Kt.26.106 | L63: Upah Pa Dedi Pro Sumedang | M63: 150000
C65: JUMLAH PENGAJUAN Sumedang | D65: =SUM(D62:D64) -> 370000 | E65: 0 | F65: 0 | L65: JUMLAH PENGAJUAN Sumedang | M65: =SUM(M62:M64) -> 370000 | N65: 0 | O65: 0
C66: Jumlah Yang Belum Dibayar | E66: =D65 -> 370000 | L66: Jumlah Yang Belum Dibayar | N66: =M65 -> 370000
A67: Tanggerang | J67: Tanggerang
B68: Kt.26.0105 | C68: Upah Tukang Pro Tanggerang (Pa iyan & Pa wiwin) | D68: =175000*6+150000*6-325000 -> 1625000 | K68: Kt.26.0105 | L68: Upah Tukang Pro Tanggerang (Pa iyan & Pa wiwin) | M68: =175000*6+150000*6-325000 -> 1625000
B69: Kt.26.0105 | C69: Upah Pa Dedi Pro Tanggerang | D69: 450000 | K69: Kt.26.0105 | L69: Upah Pa Dedi Pro Tanggerang | M69: 450000
C71: JUMLAH PENGAJUAN Tanggerang | D71: =SUM(D68:D70) -> 2075000 | E71: 0 | F71: 0 | L71: JUMLAH PENGAJUAN Tanggerang | M71: =SUM(M68:M70) -> 2075000 | N71: 0 | O71: 0
C72: Jumlah Yang Belum Dibayar | E72: =D71 -> 2075000 | L72: Jumlah Yang Belum Dibayar | N72: =M71 -> 2075000
A73: KONTRABON | J73: KONTRABON
B74: Kt.26.072 | C74: KONTRABON RESTULOGAM 24/1 (Pemb Aquaproof,Kuas,Holo,dll) Pro SD | D74: 312000 | K74: Kt.26.072 | L74: KONTRABON RESTULOGAM 24/1 (Pemb Aquaproof,Kuas,Holo,dll) Pro SD | M74: 312000
B75: Kt.26.073 | C75: KONTRABON RESTULOGAM 27/1 (Pemb Aquaproof,Serat,Kuas,dll) Pro SMP 13 | D75: 1724500 | K75: Kt.26.073 | L75: KONTRABON RESTULOGAM 27/1 (Pemb Aquaproof,Serat,Kuas,dll) Pro SMP 13 | M75: 1724500
B76: Kt.26.073 | C76: KONTRABON RESTULOGAM 29/1 (Pemb Skrup Gipsum) Pro SMP 13 | D76: 12000 | K76: Kt.26.073 | L76: KONTRABON RESTULOGAM 29/1 (Pemb Skrup Gipsum) Pro SMP 13 | M76: 12000
B77: Kt.26.073 | C77: KONTRABON RESTULOGAM 3/2 (Pemb Ataboy,Lem,Amplas) Pro SMP 13 | D77: 112000 | K77: Kt.26.073 | L77: KONTRABON RESTULOGAM 3/2 (Pemb Ataboy,Lem,Amplas) Pro SMP 13 | M77: 112000
B78: Kt.26.085 | C78: KONTRABON RESTULOGAM 29/1 (Pemb Siku Alumunium,Cat,Kuas,dll) Pro SMP | D78: 215000 | K78: Kt.26.085 | L78: KONTRABON RESTULOGAM 29/1 (Pemb Siku Alumunium,Cat,Kuas,dll) Pro SMP | M78: 215000
B79: Kt.26.086 | C79: KONTRABON RESTULOGAM 29/1 (Pemb Roll cat,Kuas, Hamplas,dll) Pro TK | D79: 292500 | K79: Kt.26.086 | L79: KONTRABON RESTULOGAM 29/1 (Pemb Roll cat,Kuas, Hamplas,dll) Pro TK | M79: 292500
B80: Kt.26.086 | C80: KONTRABON SEJAHTERA 24/1 (Pemb Pipa,soket,dll) Pro TK | D80: 78000 | K80: Kt.26.086 | L80: KONTRABON SEJAHTERA 24/1 (Pemb Pipa,soket,dll) Pro TK | M80: 78000
B81: Kt.26.091 | C81: KONTRABON RESTULOGAM 31/1 (Pemb Aspal Cair) Pro SMA | D81: 220000 | K81: Kt.26.091 | L81: KONTRABON RESTULOGAM 31/1 (Pemb Aspal Cair) Pro SMA
B82: Kt.26.091 | C82: KONTRABON RESTULOGAM 31/1 (Pemb Pisau Kramik) Pro SMA | D82: 75000 | K82: Kt.26.091 | L82: KONTRABON RESTULOGAM 31/1 (Pemb Pisau Kramik) Pro SMA
B83: Kt.26.091 | C83: KONTRABON RESTULOGAM 3/2 (Pemb Pipa,Keni,Lem Asahi,dll) Pro SMA | D83: 736000 | K83: Kt.26.091 | L83: KONTRABON RESTULOGAM 3/2 (Pemb Pipa,Keni,Lem Asahi,dll) Pro SMA
B84: Kt.26.095 | C84: KONTRABON TK IHSAN 1/1 (Pemb Pasir Pasang,Semen) Pro SMA | D84: 384000 | K84: Kt.26.095 | L84: KONTRABON TK IHSAN 1/1 (Pemb Pasir Pasang,Semen) Pro SMA | M84: 384000
B85: Kt.26.107 | C85: KONTRABON RESTULOGAM 5/2 (Pemb Triplek,Cat,Kayu,Paku,dll) Pro SMP 13 | D85: 414000 | K85: Kt.26.107 | L85: KONTRABON RESTULOGAM 5/2 (Pemb Triplek,Cat,Kayu,Paku,dll) Pro SMP 13
C87: JUMLAH PENGAJUAN Kontrabon | D87: =SUM(D74:D85) -> 4575000 | L87: JUMLAH PENGAJUAN Kontrabon | M87: =SUM(M74:M85) -> 3130000
C88: Jumlah Yang Belum Dibayar | E88: =D87 -> 4575000 | L88: Jumlah Yang Belum Dibayar | N88: =M87 -> 3130000
A89: TAMBAHAN PENGAJUAN | J89: TAMBAHAN PENGAJUAN
C92: JUMLAH PENGAJUAN | D92: =SUM(D90:D91) -> 0 | E92: 0 | F92: 0 | L92: JUMLAH PENGAJUAN | M92: =SUM(M90:M91) -> 0 | N92: 0 | O92: 0
C93: Jumlah Yang Belum Dibayar | E93: =D92 -> 0 | L93: Jumlah Yang Belum Dibayar | N93: =M92 -> 0
A94: TOTAL PENGAJUAN KONTRAKTOR | E94: =E46+E55+E88+E93+E66+E72+E60 -> 18037500 | J94: TOTAL PENGAJUAN KONTRAKTOR | N94: =N46+N55+N88+N93+N66+N72+N60 -> 16592500
A95: JUMLAH KESELURUHAN PENGAJUAN | E95: =+E31+E94 -> 23624812 | J95: JUMLAH KESELURUHAN PENGAJUAN | N95: =+N31+N94 -> 22179812
A96: TAMBAHAN PENGAJUAN | J96: TAMBAHAN PENGAJUAN
A102: JUMLAH | D102: =SUM(D97:D101) -> 0 | J102: JUMLAH | M102: =SUM(M97:M101) -> 0
A103: TOTAL | J103: TOTAL
A105: PENCAIRAN | J105: PENCAIRAN
A106: NO | B106: TANGGAL | C106: KETERANGAN | D106: JUMLAH | E106: PARAF | J106: NO | K106: TANGGAL | L106: KETERANGAN | M106: JUMLAH | N106: PARAF
L107: Cash | M107: 22178000
C112: Jumlah Penerimaan | D112: =SUM(D107:D111) -> 0 | L112: Jumlah Penerimaan | M112: =SUM(M107:M111) -> 22178000
M113: =M112-N95 -> -1812 | N113: (Kurang)

Sheet Pengajuan RT bu Ani ke 4
A1: REKAPAN PENGAJUAN
A2: PER TANGGAL 22 Januari 2026
A3: POSISI KAS SAAT INI
C4: Kas Besar (Nisa) | D4: 28060000
C5: Mandiri Akhmad Jaelani
C6: Mandiri CBS
C7: BJB CBS
C8: BJB CRS
C9: BRI CRS
A11: TOTAL POSISI KAS DAN BANK TGL 22 Januari 2026 | H11: =SUM(D4:D9) -> 28060000
A12: RT Bu ANI
B13: Kt.26.081 | C13: Upah Tukang RT Bu Ani | D13: 2250000
B14: Kt.26.081 | C14: Upah Pa Heri RT Bu Ani | D14: 220000
B15: Kt.26.081 | C15: Upah Pa Dedi RT Bu Ani | D15: 450000
C18: JUMLAH PENGAJUAN RT Bu Ani | D18: =SUM(D13:D17) -> 2920000
C19: Jumlah Yang Belum Dibayar | E19: =D18 -> 2920000
A20: Kontrabon
C26: JUMLAH PENGAJUAN RT Bu Ani | D26: =SUM(D21:D25) -> 0
C27: Jumlah Yang Belum Dibayar | E27: =D26 -> 0
A28: TOTAL PENGAJUAN | E28: =E19+E27 -> 2920000
A29: TAMBAHAN PENGAJUAN
A35: JUMLAH | D35: =SUM(D30:D34) -> 0
A36: TOTAL
A38: PENCAIRAN
A39: NO | B39: TANGGAL | C39: KETERANGAN | D39: JUMLAH | E39: PARAF
C45: Jumlah Penerimaan | D45: =SUM(D40:D44) -> 0

Sheet Sheet14
A1: PA HERI | C1: Pa Dedi | E1: PA MAMAT | G1: NISA | I1: Pa Uden | K1: Pa Engkus
A2: Service Ganti Kaca Pro SD/TK EN | B2: 300000 | C2: Upah Pa Dedi Pro SMP 13 | D2: 150000 | E2: Upah Tukang (Pengecetan Ruang Kls EN,Manhole Arba R. Guru,dll) Pro SD/TK EN | F2: 1121000 | G2: Service Motor Beat | H2: 350000
A3: Upah Pa Heri Pro SMP | B3: 220000 | C3: Upah Pa Dedi Pro Sumedang | D3: 150000 | E3: Upah Lemburan Tukang (Pek Pengecetan R. EN) Pro SD/TK EN | F3: 270000 | G3: Pemb Materai | H3: 300000
A4: Upah Tukang Listrik Pa Soni (Pek Pemasngan Lampu) Pro SMP | B4: 150000 | C4: Upah Pa Dedi Pro Tanggerang | D4: 450000 | E4: Upah Tukang Pa Mamat (Pek Pengecetan R. Wakasek,Pasang Lis Alumunium,dll) Pro SMP Alcent | F4: 635000
A5: Upah Pa Heri Pro SMP 13 | B5: 440000 | C5: Upah Pa Dedi RT Bu Ani | D5: 450000 | E5: Upah Tukang Pa Mamat (Pek Dren AC Area Sapras Lt 1,2,3,Tutup lubang Plafond,Exhaust R LSU dll) Pro SMA | F5: 880000 | G5: BPJS Kesehatan | H5: 1194312
A6: Bon Matrial Pa Heri (Pemb Cat) + Admin Pro SMP 13 | B6: 306500 | E6: Upah Tukang Pa Mamat (Pek Bongkaran Kusen,dempul tembok,Pengecetan tembok,dll) Pro SMP 13 | F6: 1625000 | G6: BPJS Tenaga Kerja | H6: 450000
A7: Pekerjaan Alumunium Pro SMP 13 | B7: 2000000 | G7: BPJS PA Bey | H7: 202500
A8: Upah Pa Heri Pro Sumedang | B8: 220000 | G8: Iuran rt rw | H8: 250000
A9: Upah Tukang Pro Tanggerang (Pa iyan & Pa wiwin) | B9: 1625000 | G9: Telphone & Internet | H9: 503500
A10: Upah Pa Heri RT Bu Ani | B10: 220000 | G10: Listrik | H10: 503500
A11: Service Motor Jupiter | B11: 49500 | G11: Air Minum 3 Gln | H11: 48000
G12: Konsumsi Kunjungan SD White Bee Tgl 4/2 | H12: 736000
G13: Pemb Brankas | H13: 1000000
G14: Pek Pembuatan Tiang Bendera Portable (Pa Karsana) Pro SMP | H14: 1500000
G15: Pek Pembuatan Rangka Meja Multimedia (Pa Karsana) Pro SMA | H15: 700000
G16: Sewa Scaffolding (Perpanjangan) Pro SMA | H16: 69000
G17: Pelunasan Pek Perbaikan Pintu HPL (Pa Yoda) Pro SMA | H17: 500000
G18: Sewa Scaffolding (Perpanjangan) Jl Gitar | H18: 151000
G19: KONTRABON RESTULOGAM 24/1 (Pemb Aquaproof,Kuas,Holo,dll) Pro SD | H19: 312000
G20: KONTRABON RESTULOGAM 27/1 (Pemb Aquaproof,Serat,Kuas,dll) Pro SMP 13 | H20: 1724500
G21: KONTRABON RESTULOGAM 29/1 (Pemb Skrup Gipsum) Pro SMP 13 | H21: 12000
G22: KONTRABON RESTULOGAM 3/2 (Pemb Ataboy,Lem,Amplas) Pro SMP 13 | H22: 112000
G23: KONTRABON RESTULOGAM 29/1 (Pemb Siku Alumunium,Cat,Kuas,dll) Pro SMP | H23: 215000
... G27: Upah Tukang RT Bu Ani | H27: 2250000
B29: =SUM(B2:B27) -> 5531000 | C29: =SUM(C2:C27) -> 0 | D29: =SUM(D2:D27) -> 1200000 | E29: =SUM(E2:E27) -> 0 | F29: =SUM(F2:F27) -> 4531000 | G29: =SUM(G2:G27) -> 0 | H29: =SUM(H2:H27) -> 13837812 | I29: =SUM(I2:I27) -> 0 | ... L29: =SUM(L2:L27) -> 0
C30: Kasbon | D30: 100000
C31: Kasbon dri uang (SPJ) | D31: 100000 | F31: =4550000-F29 -> 19000
L32: =H29+F29+D29+B29+A40-H27-D5-B10 -> 22179812
D33: =D29-D30-D31 -> 1000000
G37: harian Sumedang
G38: abah adoy | H38: 5 | I38: 125000 | K38: =I38*5 -> 625000
G39: iwan | H39: 5 hri | I39: 120000 | K39: =I39*5 -> 600000
G40: Aki | H40: 2 hri | I40: 130000 | K40: =I40*2 -> 260000
K42: =SUM(K38:K41)+300000 -> 1785000

Sheet Sheet 15
A1: REKAPAN PENGAJUAN | J1: REKAPAN PENGAJUAN
A2: PER TANGGAL 13 Februari 2026 | J2: PER TANGGAL 13 Februari 2026
A3: POSISI KAS SAAT INI | J3: POSISI KAS SAAT INI
C4: Kas Besar (Nisa) | D4: 390633771 | L4: Kas Besar (Nisa) | M4: 390633771
C5: Mandiri Akhmad Jaelani | D5: 62265 | L5: Mandiri Akhmad Jaelani | M5: 62265
C6: Mandiri CBS | D6: 288673500 | L6: Mandiri CBS | M6: 288673500
C7: BJB CBS | D7: 1146153 | L7: BJB CBS | M7: 1146153
C8: BJB CRS | D8: 3297736 | L8: BJB CRS | M8: 3297736
C9: BRI CRS | D9: 2626657 | L9: BRI CRS | M9: 2626657
A11: TOTAL POSISI KAS DAN BANK TGL 13 Februari 2026 | H11: =SUM(D4:D9) -> 686440082 | J11: TOTAL POSISI KAS DAN BANK TGL 13 Februari 2026 | Q11: =SUM(M4:M9) -> 686440082
A12: UMUM | J12: UMUM
A13: TGL | B13: NO KAS | C13: KETERANGAN PENGAJUAN | D13: PENGAJUAN | E13: PENCAIRAN | J13: TGL | K13: NO KAS | L13: KETERANGAN PENGAJUAN | M13: PENGAJUAN | N13: PENCAIRAN
E14: SUDAH | F14: CASH | G14: GIRO | H14: TRANSFER | N14: SUDAH | O14: CASH | P14: GIRO | Q14: TRANSFER
B15: Ku.26.017 | C15: Pemb Kertas A3 Sidu | D15: 70000 | K15: Ku.26.017 | L15: Pemb Kertas A3 Sidu | M15: 70000
B16: Ku.26.017 | C16: Kir Mobil G. Max | D16: 500000 | K16: Ku.26.017 | L16: Kir Mobil G. Max | M16: 500000
B17: Ku.26.017 | C17: Format Keuangan | D17: 1120000 | K17: Ku.26.017 | L17: Format Keuangan
B18: Ku.26.017 | C18: Service Advance | D18: 2100000 | K18: Ku.26.017 | L18: Service Advance | M18: 2100000
C29: JUMLAH PENGAJUAN UMUM | D29: =SUM(D15:D28) -> 3790000 | L29: JUMLAH PENGAJUAN UMUM | M29: =SUM(M15:M28) -> 2670000
B30: Jumlah Yang Belum Dibayar | H30: =+D29 -> 3790000 | K30: Jumlah Yang Belum Dibayar | Q30: =+M29 -> 2670000
A31: TOTAL PENGAJUAN UMUM | E31: =+H30 -> 3790000 | J31: TOTAL PENGAJUAN UMUM | N31: =+Q30 -> 2670000
A32: ALCENT | J32: ALCENT
B33: Kt.26.119 | C33: Pekerjaan Pemasangan Kanopi atap Solar Plate Pro SMA | D33: 14864000 | K33: Kt.26.119 | L33: Pekerjaan Pemasangan Kanopi atap Solar Plate Pro SMA (Pa Karsana) | M33: 14864000
B34: Kt.26.123 | C34: Kekurangan Upah tukang pasang Wallpaper Pro SMA | D34: 150000 | K34: Kt.26.123 | L34: Kekurangan Upah tukang pasang Wallpaper Pro SMA | M34: 150000
B35: Kt.26.123 | C35: Kekurangan Upah tukang Alumunium Pro SMA | D35: 360000 | K35: Kt.26.123 | L35: Kekurangan Upah tukang Alumunium Pro SMA | M35: 360000
B36: Kt.26.126 | C36: Upah Tukang Pa Mamat (Pekerjaan Perbaikan Gudang Samping 9E) Pro SMP | D36: 890000 | K36: Kt.26.126 | L36: Upah Tukang Pa Mamat (Pekerjaan Perbaikan Gudang Samping 9E) Pro SMP | M36: 890000
B37: Kt.26.127 | C37: Upah Tukang Pa Mamat (Pekrjaan Bocoran Deletasi, Area Sap,dll) Pro SMA | D37: 1130000 | K37: Kt.26.127 | L37: Upah Tukang Pa Mamat (Pekrjaan Bocoran Deletasi, Area Sap,dll) Pro SMA | M37: 1130000
C45: JUMLAH PENGAJUAN SD,SMP,SMA | D45: =SUM(D33:D44) -> 17394000 | L45: JUMLAH PENGAJUAN SD,SMP,SMA | M45: =SUM(M33:M44) -> 17394000
C46: Jumlah Yang Belum Dibayar | E46: =D45 -> 17394000 | L46: Jumlah Yang Belum Dibayar | N46: =M45 -> 17394000
A47: SMP 13 | J47: SMP 13
B48: Kt.26.128 | C48: Upah Pa Dedi Pro SMP 13 | D48: 150000 | K48: Kt.26.128 | L48: Upah Pa Dedi Pro SMP 13 | M48: 150000
C54: JUMLAH PENGAJUAN SMP 13 | D54: =SUM(D48:D52) -> 150000 | E54: 0 | F54: 0 | L54: JUMLAH PENGAJUAN SMP 13 | M54: =SUM(M48:M52) -> 150000 | N54: 0 | O54: 0
C55: Jumlah Yang Belum Dibayar | E55: =D54 -> 150000 | L55: Jumlah Yang Belum Dibayar | N55: =M54 -> 150000
A56: Jl. Gitar & Antapani | J56: Jl. Gitar & Antapani
B57: Kt.26.121 | C57: Upah Lemburan Pa Dedi Angkut Sofa Pro Antapani | D57: 84000 | K57: Kt.26.121 | L57: Upah Lemburan Pa Dedi Angkut Sofa Pro Antapani | M57: 84000
B58: Kt.26.121 | C58: Upah Lemburan Angkut Sofa Pro Antapani | D58: =72000+88000 -> 160000 | K58: Kt.26.121 | L58: Upah Lemburan Angkut Sofa Pro Antapani | M58: =72000+88000 -> 160000
C60: JUMLAH PENGAJUAN Jl. Gitar & Antapani | D60: =SUM(D57:D58) -> 244000 | E60: 0 | F60: 0 | L60: JUMLAH PENGAJUAN Jl. Gitar & Antapani | M60: =SUM(M57:M58) -> 244000 | N60: 0 | O60: 0
C61: Jumlah Yang Belum Dibayar | E61: =D60 -> 244000 | L61: Jumlah Yang Belum Dibayar | N61: =M60 -> 244000
A62: Sumedang | J62: Sumedang
B63: Kt.26.129 | C63: Upah Pa Heri Pro Sumedang | D63: 1320000 | K63: Kt.26.129 | L63: Upah Pa Heri Pro Sumedang | M63: 1320000
B64: Kt.26.129 | C64: Upah Pa Dedi Pro Sumedang | D64: 600000 | K64: Kt.26.129 | L64: Upah Pa Dedi Pro Sumedang | M64: 600000
B65: Kt.26.129 | C65: Cash Bon Pa Agus Pro Sumedang | D65: 5000000 | K65: Kt.26.129 | L65: Cash Bon Pa Agus Pro Sumedang | M65: 5000000 | V65: Upah Pa Iwan | W65: 120000 | X65: 5 Hari | Y65: =W65*5 -> 600000
B66: Kt.26.129 | C66: Upah Tukang (Pa Ali,Pa Iwan,Pa Aki,Bah oday) Pro Sumedang | D66: =300000+1485000 -> 1785000 | K66: Kt.26.129 | L66: Upah Tukang (Pa Ali,Pa Iwan,Pa Aki,Bah oday) Pro Sumedang | M66: =300000+1485000 -> 1785000 | V66: Pa Aki | W66: 130000 | X66: 2 Hari | Y66: =130000*2 -> 260000
B67: Kt.26.129 | C67: Air Minum Pro Sumedang | D67: 24000 | K67: Kt.26.129 | L67: Air Minum Pro Sumedang | M67: 24000 | V67: Bah Oday | W67: 125000 | X67: 5 Hari | Y67: =125000*5 -> 625000
C69: JUMLAH PENGAJUAN Sumedang | D69: =SUM(D63:D67) -> 8729000 | E69: 0 | F69: 0 | L69: JUMLAH PENGAJUAN Sumedang | M69: =SUM(M63:M67) -> 8729000 | N69: 0 | O69: 0 | Y69: =SUM(Y65:Y68) -> 1485000
C70: Jumlah Yang Belum Dibayar | E70: =D69 -> 8729000 | L70: Jumlah Yang Belum Dibayar | N70: =M69 -> 8729000
A71: Tanggerang | J71: Tanggerang
B72: Kt.26.122 | C72: Upah Tukang Pro Tanggerang (Pa iyan & Pa wiwin) | D72: 1625000 | K72: Kt.26.122 | L72: Upah Tukang Pro Tanggerang (Pa iyan & Pa wiwin) | M72: 1625000
B73: Kt.26.122 | C73: Upah Lemburan Minggu Kemarin 2-6/2 Pro Tanggerang | D73: 450000 | K73: Kt.26.122 | L73: Upah Lemburan Minggu Kemarin 2-6/2 Pro Tanggerang | M73: 450000
C75: JUMLAH PENGAJUAN Tanggerang | D75: =SUM(D72:D74) -> 2075000 | E75: 0 | F75: 0 | L75: JUMLAH PENGAJUAN Tanggerang | M75: =SUM(M72:M74) -> 2075000 | N75: 0 | O75: 0
C76: Jumlah Yang Belum Dibayar | E76: =D75 -> 2075000 | L76: Jumlah Yang Belum Dibayar | N76: =M75 -> 2075000
A77: KONTRABON | J77: KONTRABON
B78: Kt.26.091 | C78: KONTRABON RESTULOGAM 31/1 (Pemb Aspal Cair) Pro SMA | D78: 220000 | K78: Kt.26.091 | L78: KONTRABON RESTULOGAM 31/1 (Pemb Aspal Cair) Pro SMA | M78: 220000
B79: Kt.26.091 | C79: KONTRABON RESTULOGAM 31/1 (Pemb Pisau Kramik) Pro SMA | D79: 75000 | K79: Kt.26.091 | L79: KONTRABON RESTULOGAM 31/1 (Pemb Pisau Kramik) Pro SMA | M79: 75000
B80: Kt.26.091 | C80: KONTRABON RESTULOGAM 3/2 (Pemb Pipa,Keni,Lem Asahi,dll) Pro SMA | D80: 736000 | K80: Kt.26.091 | L80: KONTRABON RESTULOGAM 3/2 (Pemb Pipa,Keni,Lem Asahi,dll) Pro SMA | M80: 736000
B81: Kt.26.107 | C81: KONTRABON RESTULOGAM 5/2 (Pemb Triplek,Cat,Kayu,Paku,dll) Pro SMP 13 | D81: 414000 | K81: Kt.26.107 | L81: KONTRABON RESTULOGAM 5/2 (Pemb Triplek,Cat,Kayu,Paku,dll) Pro SMP 13 | M81: 414000
B82: Kt.26.124 | C82: KONTRABON RESTULOGAM 11/2 (pemb Paku,Kawat,benang) Pro Sumedang | D82: 2465000 | K82: Kt.26.124 | L82: KONTRABON RESTULOGAM 11/2 (pemb Paku,Kawat,benang) Pro Sumedang
B83: Kt.26.125 | C83: KONTRABON RESTULOGAM 7/2 (Pemb Aquaproof,Paku,Trprntin,dll) Pro SMP Alcent | D83: 389900 | K83: Kt.26.125 | L83: KONTRABON RESTULOGAM 7/2 (Pemb Aquaproof,Paku,Trprntin,dll) Pro SMP Alcent | M83: 389900
B84: Kt.26.125 | C84: KONTRABON SEJAHTERA 7/2 (Pemb Matrial Listrik) Pro SMP Alcent | D84: 947000 | K84: Kt.26.125 | L84: KONTRABON SEJAHTERA 7/2 (Pemb Matrial Listrik) Pro SMP Alcent | M84: 947000
B85: Kt.26.125 | C85: KONTRABON TEGUH 7/2 (Pemb Spandek,Paku Beton,Skrup) Pro SMP | D85: 317750 | K85: Kt.26.125 | L85: KONTRABON TEGUH 7/2 (Pemb Spandek,Paku Beton,Skrup) Pro SMP | M85: 317750
B86: Kt.26.125 | C86: KONTRABON Teguh 7/2 (Pemb Besi BJLS ) Pro SMP | D86: 228000 | K86: Kt.26.125 | L86: KONTRABON Teguh 7/2 (Pemb Besi BJLS ) Pro SMP | M86: 228000
B87: Kt.26.130 | C87: KONTRBAON RESUOGAM 12/2 (Pemb Soket,seal Tape,Ram,dll) Pro SMA | D87: 363500 | K87: Kt.26.130 | L87: KONTRBAON RESUOGAM 12/2 (Pemb Soket,seal Tape,Ram,dll) Pro SMA
C89: JUMLAH PENGAJUAN Kontrabon | D89: =SUM(D78:D88) -> 6156150 | L89: JUMLAH PENGAJUAN Kontrabon | M89: =SUM(M78:M88) -> 3327650
C90: Jumlah Yang Belum Dibayar | E90: =D89 -> 6156150 | L90: Jumlah Yang Belum Dibayar | N90: =M89 -> 3327650
A91: TAMBAHAN PENGAJUAN | J91: TAMBAHAN PENGAJUAN
C94: JUMLAH PENGAJUAN | D94: =SUM(D92:D93) -> 0 | E94: 0 | F94: 0 | L94: JUMLAH PENGAJUAN | M94: =SUM(M92:M93) -> 0 | N94: 0 | O94: 0
C95: Jumlah Yang Belum Dibayar | E95: =D94 -> 0 | L95: Jumlah Yang Belum Dibayar | N95: =M94 -> 0
A96: TOTAL PENGAJUAN KONTRAKTOR | E96: =E46+E55+E90+E95+E70+E76+E61 -> 34748150 | J96: TOTAL PENGAJUAN KONTRAKTOR | N96: =N46+N55+N90+N95+N70+N76+N61 -> 31919650
A97: JUMLAH KESELURUHAN PENGAJUAN | E97: =+E31+E96 -> 38538150 | J97: JUMLAH KESELURUHAN PENGAJUAN | N97: =+N31+N96 -> 34589650
A98: TAMBAHAN PENGAJUAN | J98: TAMBAHAN PENGAJUAN
A104: JUMLAH | D104: =SUM(D99:D103) -> 0 | J104: JUMLAH | M104: =SUM(M99:M103) -> 0
A105: TOTAL | J105: TOTAL
A107: PENCAIRAN | J107: PENCAIRAN | Q107: =N97-34589000 -> 650
A108: NO | B108: TANGGAL | C108: KETERANGAN | D108: JUMLAH | E108: PARAF | J108: NO | K108: TANGGAL | L108: KETERANGAN | M108: JUMLAH | N108: PARAF
L109: Kas Nisa | M109: 34589000
C114: Jumlah Penerimaan | D114: =SUM(D109:D113) -> 0 | L114: Jumlah Penerimaan | M114: =SUM(M109:M113) -> 34589000
L115: Kurang | M115: =M109-N97 -> -650

Sheet Pengajuan RT bu Ani ke 5
A1: REKAPAN PENGAJUAN
A2: PER TANGGAL 13 Februari 2026
A3: POSISI KAS SAAT INI
C4: Kas Besar (Nisa) | D4: 28060000
C5: Mandiri Akhmad Jaelani
C6: Mandiri CBS
C7: BJB CBS
C8: BJB CRS
C9: BRI CRS
A11: TOTAL POSISI KAS DAN BANK TGL 22 Januari 2026 | H11: =SUM(D4:D9) -> 28060000
A12: RT Bu ANI
B13: Kt.26.081 | C13: Upah Tukang RT Bu Ani | D13: 3328000
B14: Kt.26.081 | C14: Upah Pa Dedi RT Bu Ani | D14: 300000
C18: JUMLAH PENGAJUAN RT Bu Ani | D18: =SUM(D13:D17) -> 3628000
C19: Jumlah Yang Belum Dibayar | E19: =D18 -> 3628000
A20: Kontrabon
C26: JUMLAH PENGAJUAN RT Bu Ani | D26: =SUM(D21:D25) -> 0
C27: Jumlah Yang Belum Dibayar | E27: =D26 -> 0
A28: TOTAL PENGAJUAN | E28: =E19+E27 -> 3628000
A29: TAMBAHAN PENGAJUAN
A35: JUMLAH | D35: =SUM(D30:D34) -> 0
A36: TOTAL
A38: PENCAIRAN
A39: NO | B39: TANGGAL | C39: KETERANGAN | D39: JUMLAH | E39: PARAF
C45: Jumlah Penerimaan | D45: =SUM(D40:D44) -> 0

Sheet Sheet 16
A1: PA HERI | C1: Pa Dedi | E1: PA MAMAT | G1: NISA | I1: Pa Uden | K1: Pa Engkus
A2: Kekurangan Upah tukang pasang Wallpaper Pro SMA | B2: 150000 | C2: Upah Pa Dedi Pro SMP 13 | D2: 150000 | E2: Upah Tukang Pa Mamat (Pekerjaan Perbaikan Gudang Samping 9E) Pro SMP | F2: 890000 | G2: Service Advance | H2: 2100000 | I2: Pemb Kertas A3 Sidu | J2: 70000
A3: Kekurangan Upah tukang Alumunium Pro SMA | B3: 360000 | C3: Upah Lemburan Pa Dedi Angkut Sofa Pro Antapani | D3: 84000 | E3: Upah Tukang Pa Mamat (Pekrjaan Bocoran Deletasi, Area Sap,dll) Pro SMA | F3: 1130000 | G3: Pekerjaan Pemasangan Kanopi atap Solar Plate Pro SMA (Pa Karsana) | H3: 14864000 | I3: Air Minum Pro Sumedang | J3: 24000
A4: Upah Lemburan Angkut Sofa Pro Antapani | B4: 160000 | C4: Upah Pa Dedi Pro Sumedang | D4: 600000 | E4: Upah Pro Sumedang (Pa Ali) | F4: 300000 | G4: Cash Bon Pa Agus Pro Sumedang | H4: 5000000
A5: Upah Pa Heri Pro Sumedang | B5: 1320000 | C5: Kir Mobil G. Max | D5: 500000 | G5: KONTRABON RESTULOGAM 31/1 (Pemb Aspal Cair) Pro SMA | H5: 220000
A6: Upah Tukang (Pa Iwan,Pa Aki,Bah oday) Pro Sumedang | B6: =1785000-300000 -> 1485000 | C6: Upah Pa Dedi RT Bu Ani | D6: 300000 | G6: KONTRABON RESTULOGAM 31/1 (Pemb Pisau Kramik) Pro SMA | H6: 75000
A7: Upah Tukang Pro Tanggerang (Pa iyan & Pa wiwin) | B7: 1625000 | G7: KONTRABON RESTULOGAM 3/2 (Pemb Pipa,Keni,Lem Asahi,dll) Pro SMA | H7: 736000
A8: Upah Lemburan Minggu Kemarin 2-6/2 Pro Tanggerang | B8: 450000 | G8: KONTRABON RESTULOGAM 5/2 (Pemb Triplek,Cat,Kayu,Paku,dll) Pro SMP 13 | H8: 414000
G9: KONTRABON RESTULOGAM 7/2 (Pemb Aquaproof,Paku,Trprntin,dll) Pro SMP Alcent | H9: 389900
G10: KONTRABON SEJAHTERA 7/2 (Pemb Matrial Listrik) Pro SMP Alcent | H10: 947000
G11: KONTRABON TEGUH 7/2 (Pemb Spandek,Paku Beton,Skrup) Pro SMP | H11: 317750
G12: KONTRABON Teguh 7/2 (Pemb Besi BJLS ) Pro SMP | H12: 228000
G13: Upah Tukang RT Bu Ani | H13: 3328000
B29: =SUM(B2:B27) -> 5550000 | C29: =SUM(C2:C27) -> 0 | D29: =SUM(D2:D27) -> 1634000 | E29: =SUM(E2:E27) -> 0 | F29: =SUM(F2:F27) -> 2320000 | G29: =SUM(G2:G27) -> 0 | H29: =SUM(H2:H27) -> 28619650 | I29: =SUM(I2:I27) -> 0 | ... L29: =SUM(L2:L27) -> 0 | N29: =J29+H29+F29+D29+B29-H13-D6 -> 34589650
A30: Kasbon Pa Iyan | B30: 490000 | C30: Kasbon Kantor | D30: 100000
C31: Kasbon dri uang (SPJ) | D31: 83500 | F31: =4550000-F29 -> 2230000
B32: =B29-B30 -> 5060000
D33: =D29-D30-D31 -> 1450500

Sheet Sheet17
A1: REKAPAN PENGAJUAN | J1: REKAPAN PENGAJUAN
A2: PER TANGGAL 20 Februari 2026 | J2: PER TANGGAL 20 Februari 2026
A3: POSISI KAS SAAT INI | J3: POSISI KAS SAAT INI
C4: Kas Besar (Nisa) | D4: 235143722 | L4: Kas Besar (Nisa) | M4: 235143722
C5: Mandiri Akhmad Jaelani | D5: 43630264 | L5: Mandiri Akhmad Jaelani | M5: 43630264
C6: Mandiri CBS | D6: 349127500 | L6: Mandiri CBS | M6: 349127500
C7: BJB CBS | D7: 1146153 | L7: BJB CBS | M7: 1146153
C8: BJB CRS | D8: 3297736 | L8: BJB CRS | M8: 3297736
C9: BRI CRS | D9: 2626657 | L9: BRI CRS | M9: 2626657
A11: TOTAL POSISI KAS DAN BANK TGL 20 Februari 2026 | H11: =SUM(D4:D9) -> 634972032 | J11: TOTAL POSISI KAS DAN BANK TGL 20 Februari 2026 | Q11: =SUM(M4:M9) -> 634972032
A12: UMUM | J12: UMUM
A13: TGL | B13: NO KAS | C13: KETERANGAN PENGAJUAN | D13: PENGAJUAN | E13: PENCAIRAN | J13: TGL | K13: NO KAS | L13: KETERANGAN PENGAJUAN | M13: PENGAJUAN | N13: PENCAIRAN
E14: SUDAH | F14: CASH | G14: GIRO | H14: TRANSFER | N14: SUDAH | O14: CASH | P14: GIRO | Q14: TRANSFER
C19: JUMLAH PENGAJUAN UMUM | D19: =SUM(D15:D18) -> 0 | L19: JUMLAH PENGAJUAN UMUM | M19: =SUM(M15:M18) -> 0
B20: Jumlah Yang Belum Dibayar | H20: =+D19 -> 0 | K20: Jumlah Yang Belum Dibayar | Q20: =+M19 -> 0
A21: TOTAL PENGAJUAN UMUM | E21: =+H20 -> 0 | J21: TOTAL PENGAJUAN UMUM | N21: =+Q20 -> 0
A22: ALCENT | J22: ALCENT
B23: Kt.26.126 | C23: Upah Tukang Pa Mamat (Pekerjaan Pembersihan sarang burung) Pro SMP | D23: 690000 | K23: Kt.26.126 | L23: Upah Tukang Pa Mamat (Pekerjaan Pembersihan sarang burung) Pro SMP | M23: 690000
B24: Kt.26.127 | C24: Upah Tukang Pa Mamat (Pekrjaan Perbaikan Tutup Plafond) Pro SMA | D24: 370000 | K24: Kt.26.127 | L24: Upah Tukang Pa Mamat (Pekrjaan Perbaikan Tutup Plafond) Pro SMA | M24: 370000
B25: Kt.26.128 | C25: Pekerjaaan Pembuatan Tiang Plafond (Pa Karsana) Pro SMA | D25: 800000 | K25: Kt.26.128 | L25: Pekerjaaan Pembuatan Tiang Plafond (Pa Karsana) Pro SMA | M25: 800000
C32: JUMLAH PENGAJUAN SD,SMP,SMA | D32: =SUM(D23:D31) -> 1860000 | L32: JUMLAH PENGAJUAN SD,SMP,SMA | M32: =SUM(M23:M31) -> 1860000
C33: Jumlah Yang Belum Dibayar | E33: =D32 -> 1860000 | L33: Jumlah Yang Belum Dibayar | N33: =M32 -> 1860000
A34: Budi Indah | J34: Budi Indah
B35: Kt.26.128 | C35: Upah pa Igo Pek Bocoran Budi Indah | D35: 130000 | K35: Kt.26.128 | L35: Upah pa Igo Pek Bocoran Budi Indah | M35: 130000
C41: JUMLAH PENGAJUAN Budi Indah | D41: =SUM(D35:D39) -> 130000 | E41: 0 | F41: 0 | L41: JUMLAH PENGAJUAN Budi Indah | M41: =SUM(M35:M39) -> 130000 | N41: 0 | O41: 0
C42: Jumlah Yang Belum Dibayar | E42: =D41 -> 130000 | L42: Jumlah Yang Belum Dibayar | N42: =M41 -> 130000
A43: Jl. Gitar & Antapani | J43: Jl. Gitar & Antapani
B44: Kt.26.121 | C44: Upah Pa iyan& Pa Igo Pro Antapani (Pek Buat saluaran & Ngeplur Bekas Bocoran) | D44: =165000+130000 -> 295000 | K44: Kt.26.121 | L44: Upah Pa iyan& Pa Igo Pro Antapani (Pek Buat saluaran & Ngeplur Bekas Bocoran) | M44: =165000+130000 -> 295000
C47: JUMLAH PENGAJUAN Jl. Gitar & Antapani | D47: =SUM(D44:D45) -> 295000 | E47: 0 | F47: 0 | L47: JUMLAH PENGAJUAN Jl. Gitar & Antapani | M47: =SUM(M44:M45) -> 295000 | N47: 0 | O47: 0
C48: Jumlah Yang Belum Dibayar | E48: =D47 -> 295000 | L48: Jumlah Yang Belum Dibayar | N48: =M47 -> 295000
A49: Sumedang | J49: Sumedang
B50: Kt.26.134 | C50: Pelunasan Matrial Besi 16 Pro Sumedang | D50: 12000000 | K50: Kt.26.134 | L50: Pelunasan Matrial Besi 16 Pro Sumedang | M50: 12000000
B51: Kt.26.149 | C51: Upah Pa Heri Pro Sumedang | D51: =220000*7 -> 1540000 | K51: Kt.26.149 | L51: Upah Pa Heri Pro Sumedang | M51: =220000*7 -> 1540000
B52: Kt.26.149 | C52: Upah Pa Dedi Pro Sumedang | D52: =150000*5 -> 750000 | K52: Kt.26.149 | L52: Upah Pa Dedi Pro Sumedang | M52: =150000*5 -> 750000
B53: Kt.26.149 | C53: Cash Bon Pa Agus Pro Sumedang | D53: 12000000 | K53: Kt.26.149 | L53: Cash Bon Pa Agus Pro Sumedang | M53: 12000000
B54: Kt.26.149 | C54: Upah Tukang (7 Orang ) Pro Sumedang | D54: 5950000 | K54: Kt.26.149 | L54: Upah Tukang (7 Orang ) Pro Sumedang | M54: 5950000
B55: Kt.26.149 | C55: Keamanan Satpam Pro Sumedang | D55: 300000 | K55: Kt.26.149 | L55: Keamanan Satpam Pro Sumedang | M55: 300000
C57: JUMLAH PENGAJUAN Sumedang | D57: =SUM(D50:D55) -> 32540000 | E57: 0 | F57: 0 | L57: JUMLAH PENGAJUAN Sumedang | M57: =SUM(M50:M55) -> 32540000 | N57: 0 | O57: 0
C58: Jumlah Yang Belum Dibayar | E58: =D57 -> 32540000 | L58: Jumlah Yang Belum Dibayar | N58: =M57 -> 32540000
A59: Tanggerang | J59: Tanggerang
B60: Kt.26.150 | C60: Upah Pa dedi Pro Tanggerang | D60: 150000 | K60: Kt.26.150 | L60: Upah Pa dedi Pro Tanggerang | M60: 150000
C63: JUMLAH PENGAJUAN Tanggerang | D63: =SUM(D60:D62) -> 150000 | E63: 0 | F63: 0 | L63: JUMLAH PENGAJUAN Tanggerang | M63: =SUM(M60:M62) -> 150000 | N63: 0 | O63: 0
C64: Jumlah Yang Belum Dibayar | E64: =D63 -> 150000 | L64: Jumlah Yang Belum Dibayar | N64: =M63 -> 150000
A65: KONTRABON | J65: KONTRABON
B66: Kt.26.124 | C66: KONTRABON RESTULOGAM 11/2 (pemb Paku,Kawat,benang) Pro Sumedang | D66: 2465000 | K66: Kt.26.124 | L66: KONTRABON RESTULOGAM 11/2 (pemb Paku,Kawat,benang) Pro Sumedang | M66: 2465000
B67: Kt.26.130 | C67: KONTRBAON RESUOGAM 12/2 (Pemb Soket,seal Tape,Ram,dll) Pro SMA | D67: 363500 | K67: Kt.26.130 | L67: KONTRBAON RESUOGAM 12/2 (Pemb Soket,seal Tape,Ram,dll) Pro SMA | M67: 363500
B68: Kt.26.141 | C68: KONTRABON SEJAHTERA 18/2 (Pemb Matrial Listrik) Pro Sumedang | D68: 1033000 | K68: Kt.26.141 | L68: KONTRABON SEJAHTERA 18/2 (Pemb Matrial Listrik) Pro Sumedang | M68: 1033000
B69: Kt.26.141 | C69: Parkir | D69: 5000 | K69: Kt.26.141 | L69: Parkir | M69: 5000
C77: JUMLAH PENGAJUAN Kontrabon | D77: =SUM(D66:D76) -> 3866500 | L77: JUMLAH PENGAJUAN Kontrabon | M77: =SUM(M66:M76) -> 3866500
C78: Jumlah Yang Belum Dibayar | E78: =D77 -> 3866500 | L78: Jumlah Yang Belum Dibayar | N78: =M77 -> 3866500
A79: TAMBAHAN PENGAJUAN | J79: TAMBAHAN PENGAJUAN
B80: Kt.26.145 | C80: Kekuranan Kas Logistik | D80: 148000 | K80: Kt.26.145 | L80: Kekuranan Kas Logistik | M80: 148000
C82: JUMLAH PENGAJUAN | D82: =SUM(D80:D81) -> 148000 | E82: 0 | F82: 0 | L82: JUMLAH PENGAJUAN | M82: =SUM(M80:M81) -> 148000 | N82: 0 | O82: 0
C83: Jumlah Yang Belum Dibayar | E83: =D82 -> 148000 | L83: Jumlah Yang Belum Dibayar | N83: =M82 -> 148000
A84: TOTAL PENGAJUAN KONTRAKTOR | E84: =E33+E42+E78+E83+E58+E64+E48 -> 38989500 | J84: TOTAL PENGAJUAN KONTRAKTOR | N84: =N33+N42+N78+N83+N58+N64+N48 -> 38989500
A85: JUMLAH KESELURUHAN PENGAJUAN | E85: =+E21+E84 -> 38989500 | J85: JUMLAH KESELURUHAN PENGAJUAN | N85: =+N21+N84 -> 38989500
A86: TAMBAHAN PENGAJUAN | J86: TAMBAHAN PENGAJUAN
A92: JUMLAH | D92: =SUM(D87:D91) -> 0 | J92: JUMLAH | M92: =SUM(M87:M91) -> 0
A93: TOTAL | J93: TOTAL
A95: PENCAIRAN | J95: PENCAIRAN
A96: NO | B96: TANGGAL | C96: KETERANGAN | D96: JUMLAH | E96: PARAF | J96: NO | K96: TANGGAL | L96: KETERANGAN | M96: JUMLAH | N96: PARAF
L97: Cash Nisa | M97: 38989500
C102: Jumlah Penerimaan | D102: =SUM(D97:D101) -> 0 | L102: Jumlah Penerimaan | M102: =SUM(M97:M101) -> 38989500

Sheet Pengajuan Ke 6 
A1: REKAPAN PENGAJUAN
A2: PER TANGGAL 13 Februari 2026
A3: POSISI KAS SAAT INI
C4: Kas Besar (Nisa) | D4: 0
C5: Mandiri Akhmad Jaelani
C6: Mandiri CBS
C7: BJB CBS
C8: BJB CRS
C9: BRI CRS
A11: TOTAL POSISI KAS DAN BANK TGL 22 Januari 2026 | H11: =SUM(D4:D9) -> 0
A12: RT Bu ANI
B13: Kt.26.081 | C13: Upah Tukang RT Bu Ani
B14: Kt.26.081 | C14: Upah Pa Dedi RT Bu Ani | D14: 150000
C18: JUMLAH PENGAJUAN RT Bu Ani | D18: =SUM(D13:D17) -> 150000
C19: Jumlah Yang Belum Dibayar | E19: =D18 -> 150000
A20: Kontrabon
C26: JUMLAH PENGAJUAN RT Bu Ani | D26: =SUM(D21:D25) -> 0
C27: Jumlah Yang Belum Dibayar | E27: =D26 -> 0
A28: TOTAL PENGAJUAN | E28: =E19+E27 -> 150000
A29: TAMBAHAN PENGAJUAN
A35: JUMLAH | D35: =SUM(D30:D34) -> 0
A36: TOTAL
A38: PENCAIRAN
A39: NO | B39: TANGGAL | C39: KETERANGAN | D39: JUMLAH | E39: PARAF
C45: Jumlah Penerimaan | D45: =SUM(D40:D44) -> 0

Sheet Sheet19
A1: PA HERI | C1: Pa Dedi | E1: PA MAMAT | G1: NISA | I1: Pa Uden | K1: Pa Engkus
A2: Upah pa Igo Pek Bocoran Budi Indah | B2: 130000 | C2: Upah Pa Dedi Pro Sumedang | D2: 750000 | E2: Upah Tukang Pa Mamat (Pekerjaan Pembersihan sarang burung) Pro SMP | F2: 690000 | G2: Pekerjaaan Pembuatan Tiang Plafond (Pa Karsana) Pro SMA | H2: 800000
A3: Upah Pa iyan& Pa Igo Pro Antapani (Pek Buat saluaran & Ngeplur Bekas Bocoran) | B3: 295000 | C3: Upah Pa dedi Pro Tanggerang | D3: 150000 | E3: Upah Tukang Pa Mamat (Pekrjaan Perbaikan Tutup Plafond) Pro SMA | F3: 370000 | G3: Pelunasan Matrial Besi 16 Pro Sumedang | H3: 12000000
A4: Upah Pa Heri Pro Sumedang | B4: 1540000 | C4: Parkir | D4: 5000 | G4: KONTRABON RESTULOGAM 11/2 (pemb Paku,Kawat,benang) Pro Sumedang | H4: 2465000
A5: Kekuranan Kas Logistik | B5: 148000 | C5: RT Bu Ani | D5: 150000 | G5: KONTRBAON RESUOGAM 12/2 (Pemb Soket,seal Tape,Ram,dll) Pro SMA | H5: 363500
A6: Upah Tukang (7 Orang ) Pro Sumedang | B6: 5950000 | G6: KONTRABON SEJAHTERA 18/2 (Pemb Matrial Listrik) Pro Sumedang | H6: 1033000
A7: Keamanan Satpam Pro Sumedang | B7: 300000 | G7: Cash Bon Pa Agus Pro Sumedang | H7: 12000000
B29: =SUM(B2:B27) -> 8363000 | C29: =SUM(C2:C27) -> 0 | D29: =SUM(D2:D27) -> 1055000 | E29: =SUM(E2:E27) -> 0 | F29: =SUM(F2:F27) -> 1060000 | G29: =SUM(G2:G27) -> 0 | H29: =SUM(H2:H27) -> 28661500 | I29: =SUM(I2:I27) -> 0 | ... L29: =SUM(L2:L27) -> 0 | N29: =SUM(B29:M29)-150000 -> 38989500
C30: Kasbon Kantor | D30: 100000 | N30: =N29-Sheet17!M97 -> 0
D32: =D29-D30 -> 955000
B39: =10454000+1600000 -> 12054000
C40: H-beam | D40: 8 btg | E40: 21700000 | F40: =E40*8 -> 173600000
C41: Plat | D41: 2 lnr | E41: 6300000 | F41: =E41*2 -> 12600000
E43: Tambahan | F43: 15000000
F44: =F40+F41 -> 186200000

Sheet Sheet1
A1: REKAPAN PENGAJUAN | J1: REKAPAN PENGAJUAN
A2: PER TANGGAL 27 Februari 2026 | J2: PER TANGGAL 27 Februari 2026
A3: POSISI KAS SAAT INI | J3: POSISI KAS SAAT INI
C4: Kas Besar (Nisa) | D4: 8470023 | L4: Kas Besar (Nisa) | M4: 8470023
C5: Mandiri Akhmad Jaelani | D5: 1080265 | L5: Mandiri Akhmad Jaelani | M5: 1080265
C6: Mandiri CBS | D6: 1127500 | L6: Mandiri CBS | M6: 1127500
C7: BJB CBS | D7: 1146153 | L7: BJB CBS | M7: 1146153
C8: BJB CRS | D8: 3297736 | L8: BJB CRS | M8: 3297736
C9: BRI CRS | D9: 2626657 | L9: BRI CRS | M9: 2626657
A11: TOTAL POSISI KAS DAN BANK TGL 27 Februari 2026 | H11: =SUM(D4:D9) -> 17748334 | J11: TOTAL POSISI KAS DAN BANK TGL 27 Februari 2026 | Q11: =SUM(M4:M9) -> 17748334
A12: UMUM | J12: UMUM
A13: TGL | B13: NO KAS | C13: KETERANGAN PENGAJUAN | D13: PENGAJUAN | E13: PENCAIRAN | J13: TGL | K13: NO KAS | L13: KETERANGAN PENGAJUAN | M13: PENGAJUAN | N13: PENCAIRAN
E14: SUDAH | F14: CASH | G14: GIRO | H14: TRANSFER | N14: SUDAH | O14: CASH | P14: GIRO | Q14: TRANSFER
B15: Ku.26.028 | C15: BPJS Kesehatan | D15: 1194312 | K15: Ku.26.028 | L15: BPJS Kesehatan | M15: 1194312
B16: Ku.26.028 | C16: BPJS TK | D16: 450000 | K16: Ku.26.028 | L16: BPJS TK | M16: 450000
B17: Ku.26.028 | C17: BPJS Pa Bey | D17: 200000 | K17: Ku.26.028 | L17: BPJS Pa Bey | M17: 200000
B18: Ku.26.028 | C18: Telphone & Internet | D18: 503500 | K18: Ku.26.028 | L18: Telphone & Internet
B19: Ku.26.028 | C19: Listrik | D19: 503500 | K19: Ku.26.028 | L19: Listrik
C22: JUMLAH PENGAJUAN UMUM | D22: =SUM(D15:D21) -> 2851312 | L22: JUMLAH PENGAJUAN UMUM | M22: =SUM(M15:M21) -> 1844312
C23: Jumlah Yang Belum Dibayar | H23: =+D22 -> 2851312 | L23: Jumlah Yang Belum Dibayar | Q23: =+M22 -> 1844312
A24: TOTAL PENGAJUAN UMUM | E24: =+H23 -> 2851312 | J24: TOTAL PENGAJUAN UMUM | N24: =+Q23 -> 1844312
A25: ALCENT | J25: ALCENT
B26: Kt.26.176 | C26: Upah Tukang Pa Mamat (Pekerjaan Retakan Dinding R. kls, Stopkontak Lampu) Pro SD | D26: 390000 | K26: Kt.26.176 | L26: Upah Tukang Pa Mamat (Pekerjaan Retakan Dinding R. kls, Stopkontak Lampu) Pro SD | M26: 390000
B27: Kt.26.177 | C27: Upah Tukang Pa Mamat (Pek. Silent Bocoran Kusen Jendela) Pro SMA | D27: 570000 | K27: Kt.26.177 | L27: Upah Tukang Pa Mamat (Pek. Silent Bocoran Kusen Jendela) Pro SMA | M27: 570000
B28: Kt.26.169 | C28: Pekerjaan Pengaman Lampu Sorot (Pa Karsana) Pro SMA | D28: 2400000 | K28: Kt.26.169 | L28: Pekerjaan Pengaman Lampu Sorot (Pa Karsana) Pro SMA | M28: 2400000
C30: JUMLAH PENGAJUAN SD,SMP,SMA | D30: =SUM(D26:D28) -> 3360000 | L30: JUMLAH PENGAJUAN SD,SMP,SMA | M30: =SUM(M26:M28) -> 3360000
C31: Jumlah Yang Belum Dibayar | E31: =D30 -> 3360000 | L31: Jumlah Yang Belum Dibayar | N31: =M30 -> 3360000
A32: Budi Indah & Darul Ulum | J32: Budi Indah & Darul Ulum
B33: Kt.26.128 | C33: Upah Pa Dedi Budi Indah | D33: 150000 | K33: Kt.26.174 | L33: Upah Pa Dedi Budi Indah | M33: 150000
B34: Kt.26.178 | C34: Pemb Matrial (Samflex,Cornice,dll) Pro Darul Ulum | D34: 125000 | K34: Kt.26.178 | L34: Pemb Matrial (Samflex,Cornice,dll) Pro Darul Ulum | M34: 125000
C39: JUMLAH PENGAJUAN Budi Indah | D39: =SUM(D33:D37) -> 275000 | E39: 0 | F39: 0 | L39: JUMLAH PENGAJUAN Budi Indah | M39: =SUM(M33:M37) -> 275000 | N39: 0 | O39: 0
C40: Jumlah Yang Belum Dibayar | E40: =D39 -> 275000 | L40: Jumlah Yang Belum Dibayar | N40: =M39 -> 275000
A41: UPI | J41: UPI
B42: Kn.26.006 | C42: BBM Antar Berkas Tgl 20/2 & Tgl 23/2 | D42: 45000 | K42: Kn.26.006 | L42: BBM Antar Berkas Tgl 20/2 & Tgl 23/2 | M42: 45000
C45: JUMLAH PENGAJUAN UPI | D45: =SUM(D42:D43) -> 45000 | E45: 0 | F45: 0 | L45: JUMLAH PENGAJUAN UPI | M45: =SUM(M42:M43) -> 45000 | N45: 0 | O45: 0
C46: Jumlah Yang Belum Dibayar | E46: =D45 -> 45000 | L46: Jumlah Yang Belum Dibayar | N46: =M45 -> 45000
A47: Sumedang | J47: Sumedang
B48: Kt.26.175 | C48: Upah Borongan (Pa Agus) Pro Sumedang | D48: 21000000 | K48: Kt.26.175 | L48: Upah Borongan (Pa Agus) Pro Sumedang | M48: 21000000
B49: Kt.26.175 | C49: Upah Tukang (5 Org) Pro Sumedang | D49: 2700000 | K49: Kt.26.175 | L49: Upah Tukang (5 Org) Pro Sumedang | M49: 2700000
B50: Kt.26.175 | C50: Upah Heri Pro Sumedang | D50: 1540000 | K50: Kt.26.175 | L50: Upah Heri Pro Sumedang | M50: 1540000
B51: Kt.26.175 | C51: Upah Pa Dedi Pro Sumedang | D51: 900000 | K51: Kt.26.175 | L51: Upah Pa Dedi Pro Sumedang | M51: 900000
B52: Kt.26.175 | C52: Keamanan Satpam Pro Sumedang | D52: 300000 | K52: Kt.26.175 | L52: Keamanan Satpam Pro Sumedang | M52: 300000
C55: JUMLAH PENGAJUAN Sumedang | D55: =SUM(D48:D53) -> 26440000 | E55: 0 | F55: 0 | L55: JUMLAH PENGAJUAN Sumedang | M55: =SUM(M48:M53) -> 26440000 | N55: 0 | O55: 0
C56: Jumlah Yang Belum Dibayar | E56: =D55 -> 26440000 | L56: Jumlah Yang Belum Dibayar | N56: =M55 -> 26440000
A57: Tanggerang | J57: Tanggerang
B58: Kt.26.150 | C58: Upah Pa dedi Pro Tanggerang | D58: 150000
C61: JUMLAH PENGAJUAN Tanggerang | D61: =SUM(D58:D60) -> 150000 | E61: 0 | F61: 0 | L61: JUMLAH PENGAJUAN Tanggerang | M61: =SUM(M58:M60) -> 0 | N61: 0 | O61: 0
C62: Jumlah Yang Belum Dibayar | E62: =D61 -> 150000 | L62: Jumlah Yang Belum Dibayar | N62: =M61 -> 0
A63: KONTRABON | J63: KONTRABON
C75: JUMLAH PENGAJUAN Kontrabon | D75: =SUM(D64:D74) -> 0 | L75: JUMLAH PENGAJUAN Kontrabon | M75: =SUM(M64:M74) -> 0
C76: Jumlah Yang Belum Dibayar | E76: =D75 -> 0 | L76: Jumlah Yang Belum Dibayar | N76: =M75 -> 0
A77: TAMBAHAN PENGAJUAN | J77: TAMBAHAN PENGAJUAN
K79: KT.26.183 | L79: Dp Pekerjaan Lemari Bawah Tangga (Pa Kiki) SD | M79: 3000000
C82: JUMLAH PENGAJUAN | D82: =SUM(D78:D81) -> 0 | E82: 0 | F82: 0 | L82: JUMLAH PENGAJUAN | M82: =SUM(M78:M81) -> 3000000 | N82: 0 | O82: 0
C83: Jumlah Yang Belum Dibayar | E83: =D82 -> 0 | L83: Jumlah Yang Belum Dibayar | N83: =M82 -> 3000000
A84: TOTAL PENGAJUAN KONTRAKTOR | E84: =E31+E40+E76+E83+E56+E62+E46 -> 30270000 | J84: TOTAL PENGAJUAN KONTRAKTOR | N84: =N31+N40+N76+N83+N56+N62+N46 -> 33120000
A85: JUMLAH KESELURUHAN PENGAJUAN | E85: =+E24+E84 -> 33121312 | J85: JUMLAH KESELURUHAN PENGAJUAN | N85: =+N24+N84 -> 34964312
A86: TAMBAHAN PENGAJUAN | J86: TAMBAHAN PENGAJUAN
A92: JUMLAH | D92: =SUM(D87:D91) -> 0 | J92: JUMLAH | M92: =SUM(M87:M91) -> 0
A93: TOTAL | J93: TOTAL
A95: PENCAIRAN | J95: PENCAIRAN
A96: NO | B96: TANGGAL | C96: KETERANGAN | D96: JUMLAH | E96: PARAF | J96: NO | K96: TANGGAL | L96: KETERANGAN | M96: JUMLAH | N96: PARAF
L97: Cash Dri Rek BCA Pa Giri | M97: 35000000
C102: Jumlah Penerimaan | D102: =SUM(D97:D101) -> 0 | L102: Jumlah Penerimaan | M102: =SUM(M97:M101) -> 35000000

Sheet Pengauan Ke 7 RT BU Ani 
A1: REKAPAN PENGAJUAN
A2: PER TANGGAL 13 Februari 2026
A3: POSISI KAS SAAT INI
C4: Kas Besar (Nisa) | D4: 0
C5: Mandiri Akhmad Jaelani
C6: Mandiri CBS
C7: BJB CBS
C8: BJB CRS
C9: BRI CRS
A11: TOTAL POSISI KAS DAN BANK TGL 22 Januari 2026 | H11: =SUM(D4:D9) -> 0
A12: RT Bu ANI
B13: Kt.26.180 | C13: Upah Tukang RT Bu Ani Minggu Lalu | D13: 1356000 | E13: 1200000 | F13: =D13-E13 -> 156000 | I13: =D13+D14-12000-6000 -> 4500000
B14: Kt.26.180 | C14: Upah Tukang RT Bu Ani Minggu ini | D14: 3162000 | E14: 450000 | F14: =D14-E14 -> 2712000
B15: Kt.26.179 | C15: Pemb Kawat Beton | D15: 25000
C18: JUMLAH PENGAJUAN RT Bu Ani | D18: =SUM(D13:D17) -> 4543000 | E18: =SUM(E13:E17) -> 1650000 | F18: =SUM(F13:F17) -> 2868000
C19: Jumlah Yang Belum Dibayar | E19: =D18 -> 4543000
A20: Kontrabon
C26: JUMLAH PENGAJUAN RT Bu Ani | D26: =SUM(D21:D25) -> 0
C27: Jumlah Yang Belum Dibayar | E27: =D26 -> 0
A28: TOTAL PENGAJUAN | E28: =E19+E27 -> 4543000
A29: TAMBAHAN PENGAJUAN
A35: JUMLAH | D35: =SUM(D30:D34) -> 0
A36: TOTAL
A38: PENCAIRAN
A39: NO | B39: TANGGAL | C39: KETERANGAN | D39: JUMLAH | E39: PARAF
C45: Jumlah Penerimaan | D45: =SUM(D40:D44) -> 0

Sheet Sheet4
A1: PA HERI | C1: Pa Dedi | E1: PA MAMAT | G1: NISA | I1: Pa Uden
A2: Pemb Matrial (Samflex,Cornice,dll) Pro Darul Ulum | B2: 125000 | C2: Upah Pa Dedi Budi Indah | D2: 150000 | E2: Upah Tukang Pa Mamat (Pekerjaan Retakan Dinding R. kls, Stopkontak Lampu) Pro SD | F2: 390000 | G2: BPJS Kesehatan | H2: 1194312
A3: Upah Tukang (5 Org) Pro Sumedang | B3: 2700000 | C3: Upah Pa Dedi Pro Sumedang | D3: 900000 | E3: Upah Tukang Pa Mamat (Pek. Silent Bocoran Kusen Jendela) Pro SMA | F3: 570000 | G3: BPJS TK | H3: 450000
A4: Upah Heri Pro Sumedang | B4: 1540000 | G4: BPJS Pa Bey | H4: 200000
A5: Keamanan Satpam Pro Sumedang | B5: 300000 | G5: Pekerjaan Pengaman Lampu Sorot (Pa Karsana) Pro SMA | H5: 2400000
G6: BBM Antar Berkas Tgl 20/2 & Tgl 23/2 | H6: 45000
G7: Upah Borongan (Pa Agus) Pro Sumedang | H7: 21000000
G8: Dp Pekerjaan Lemari Bawah Tangga (Pa Kiki) SD | H8: 3000000
B29: =SUM(B2:B27) -> 4665000 | C29: =SUM(C2:C27) -> 0 | D29: =SUM(D2:D27) -> 1050000 | E29: =SUM(E2:E27) -> 0 | F29: =SUM(F2:F27) -> 960000 | G29: =SUM(G2:G27) -> 0 | H29: =SUM(H2:H27) -> 28289312 | I29: =SUM(I2:I27) -> 0 | J29: =SUM(J2:J27) -> 0 | L29: =SUM(B29:K29) -> 34964312
C30: Kasbon Kantor | D30: 100000 | L30: =L29-Sheet1!N85 -> 0
C31: Kasbon Bu Nisa | D31: 50000
D32: =D29-D30-D31 -> 900000

Sheet Sheet3
A1: REKAPAN PENGAJUAN | J1: REKAPAN PENGAJUAN
A2: PER TANGGAL 6 Maret 2026 | J2: PER TANGGAL 6 Maret 2026
A3: POSISI KAS SAAT INI | J3: POSISI KAS SAAT INI
C4: Kas Besar (Nisa) | D4: 207524511 | L4: Kas Besar (Nisa) | M4: 207524511
C5: Mandiri Akhmad Jaelani | D5: 440765 | L5: Mandiri Akhmad Jaelani | M5: 440765
C6: Mandiri CBS | D6: 1213200 | L6: Mandiri CBS | M6: 1213200
C7: BJB CBS | D7: 1146153 | L7: BJB CBS | M7: 1146153
C8: BJB CRS | D8: 3297736 | L8: BJB CRS | M8: 3297736
C9: BRI CRS | D9: 2626657 | L9: BRI CRS | M9: 2626657
A11: TOTAL POSISI KAS DAN BANK TGL 6 Maret 2026 | H11: =SUM(D4:D9) -> 216249022 | J11: TOTAL POSISI KAS DAN BANK TGL 6 Maret 2026 | Q11: =SUM(M4:M9) -> 216249022
A12: UMUM | J12: UMUM
A13: TGL | B13: NO KAS | C13: KETERANGAN PENGAJUAN | D13: PENGAJUAN | E13: PENCAIRAN | J13: TGL | K13: NO KAS | L13: KETERANGAN PENGAJUAN | M13: PENGAJUAN | N13: PENCAIRAN
E14: SUDAH | F14: CASH | G14: GIRO | H14: TRANSFER | N14: SUDAH | O14: CASH | P14: GIRO | Q14: TRANSFER
B15: Ku.25.247 | C15: Biaya Perbaikan CCTV Kantor | D15: 4745000 | K15: Ku.25.247 | L15: Biaya Perbaikan CCTV Kantor | M15: 4745000
B16: Ku.26.028 | C16: Telphone & Internet | D16: 503500 | K16: Ku.26.028 | L16: Telphone & Internet | M16: 503500
B17: Ku.26.028 | C17: Listrik | D17: 503500 | K17: Ku.26.028 | L17: Listrik | M17: 503500
B18: Ku.26.028 | C18: Air Minum 1 Gln (Talangan Pa Uden) | D18: 16000 | K18: Ku.26.028 | L18: Air Minum 1 Gln (Talangan Pa Uden) | M18: 16000
B19: Ku.26.028 | C19: Iuran RT (Per 10 Bulan) | D19: =65000*10 -> 650000 | K19: Ku.26.028 | L19: Iuran RT (Per 10 Bulan) | M19: =65000*10 -> 650000
B20: Ku.26.028 | C20: Sumbangan Thr Rt | D20: 250000 | K20: Ku.26.028 | L20: Sumbangan Thr Rt | M20: 250000
B21: Ku.26.028 | C21: Iuran Rw | D21: 185000 | K21: Ku.26.028 | L21: Iuran Rw | M21: 185000
B22: Ku.26.028 | C22: Sumbangan Thr Rw | D22: 250000 | K22: Ku.26.028 | L22: Sumbangan Thr Rw | M22: 250000
B23: Ku.26.028 | C23: Upah Pa Dedi (Kantor) | D23: 150000 | K23: Ku.26.028 | L23: Upah Pa Dedi (Kantor) | M23: 150000
B24: Ku.26.028 | C24: Kekurangan Pajak P'Akhmad | D24: 462840 | K24: Ku.26.028 | L24: Kekurangan Pajak P'Akhmad | M24: 462840
B25: Ku.26.033 | C25: Paket Lebar 2026 | D25: 20550000 | K25: Ku.26.033 | L25: Paket Lebar 2026 | M25: 20550000
C28: JUMLAH PENGAJUAN UMUM | D28: =SUM(D15:D25) -> 28265840 | L28: JUMLAH PENGAJUAN UMUM | M28: =SUM(M15:M25) -> 28265840
C29: Jumlah Yang Belum Dibayar | H29: =+D28 -> 28265840 | L29: Jumlah Yang Belum Dibayar | Q29: =+M28 -> 28265840
A30: TOTAL PENGAJUAN UMUM | E30: =+H29 -> 28265840 | J30: TOTAL PENGAJUAN UMUM | N30: =+Q29 -> 28265840
A31: ALCENT | J31: ALCENT
B32: Kt.26.195 | C32: BBM Buang Barangkal Pro SD (Talangan Pa Uden) | D32: 50000 | K32: Kt.26.195 | L32: BBM Buang Barangkal Pro SD (Talangan Pa Uden) | M32: 50000
B33: Kt.26.198 | C33: Upah Tukang Pa Mamat (Pek. Pasang Lampu,Kanopi Pasad,dll) Pro SMA | D33: 740000 | K33: Kt.26.198 | L33: Upah Tukang Pa Mamat (Pek. Pasang Lampu,Kanopi Pasad,dll) Pro SMA | M33: 740000
B34: Kt.26.198 | C34: Upah Pa Dedi Pro SMA | D34: 150000 | K34: Kt.26.198 | L34: Upah Pa Dedi Pro SMA | M34: 150000
C36: JUMLAH PENGAJUAN SD,SMP,SMA | D36: =SUM(D32:D34) -> 940000 | L36: JUMLAH PENGAJUAN SD,SMP,SMA | M36: =SUM(M32:M34) -> 940000
C37: Jumlah Yang Belum Dibayar | E37: =D36 -> 940000 | L37: Jumlah Yang Belum Dibayar | N37: =M36 -> 940000
A38: Budi Indah & Darul Ulum | J38: Budi Indah & Darul Ulum
B39: Kt.26.128 | C39: Upah Pa Dedi Budi Indah | K39: Kt.26.128 | L39: Upah Pa Dedi Budi Indah
B40: Kt.26.178 | C40: Pemb Matrial (Samflex,Cornice,dll) Pro Darul Ulum | K40: Kt.26.178 | L40: Pemb Matrial (Samflex,Cornice,dll) Pro Darul Ulum
C45: JUMLAH PENGAJUAN Budi Indah | D45: =SUM(D39:D43) -> 0 | E45: 0 | F45: 0 | L45: JUMLAH PENGAJUAN Budi Indah | M45: =SUM(M39:M43) -> 0 | N45: 0 | O45: 0
C46: Jumlah Yang Belum Dibayar | E46: =D45 -> 0 | L46: Jumlah Yang Belum Dibayar | N46: =M45 -> 0
A47: UPI | J47: UPI
B48: Kn.26.006 | C48: BBM Antar Berkas Tgl 20/2 & Tgl 23/2 | K48: Kn.26.006 | L48: BBM Antar Berkas Tgl 20/2 & Tgl 23/2
C51: JUMLAH PENGAJUAN UPI | D51: =SUM(D48:D49) -> 0 | E51: 0 | F51: 0 | L51: JUMLAH PENGAJUAN UPI | M51: =SUM(M48:M49) -> 0 | N51: 0 | O51: 0
C52: Jumlah Yang Belum Dibayar | E52: =D51 -> 0 | L52: Jumlah Yang Belum Dibayar | N52: =M51 -> 0
A53: Sumedang | J53: Sumedang
B54: Kt.26.200 | C54: Upah Tukang (7 Org) Pro Sumedang | D54: 5215000 | K54: Kt.26.200 | L54: Upah Tukang (7 Org) Pro Sumedang | M54: 5215000
B55: Kt.26.200 | C55: Kekurangan Upah Tukang Minggu Lalu Pro Sumedang | D55: 570000 | K55: Kt.26.200 | L55: Kekurangan Upah Tukang Minggu Lalu Pro Sumedang | M55: 570000
B56: Kt.26.200 | C56: Upah Pa Agus (Borongan) Pro Sumedang | D56: 25000000 | K56: Kt.26.200 | L56: Upah Pa Agus (Borongan) Pro Sumedang | M56: 25000000
B57: Kt.26.200 | C57: Pemb ke 2 Pek Baja (Pa Hendra) Pro Sumedang | D57: 20000000 | K57: Kt.26.200 | L57: Pemb ke 2 Pek Baja (Pa Hendra) Pro Sumedang | M57: 20000000
B58: Kt.26.200 | C58: Upah Pa Heri Pro Sumedang | D58: 1540000 | K58: Kt.26.200 | L58: Upah Pa Heri Pro Sumedang | M58: 1540000
B59: Kt.26.200 | C59: Upah Pa dedi Pro Sumedang | D59: 750000 | K59: Kt.26.200 | L59: Upah Pa dedi Pro Sumedang | M59: 750000
B60: Kt.26.200 | C60: Keamanan SatpamMinggu Ke 4 Pro Sumedang | D60: 300000 | K60: Kt.26.200 | L60: Keamanan SatpamMinggu Ke 4 Pro Sumedang | M60: 300000
C62: JUMLAH PENGAJUAN Sumedang | D62: =SUM(D54:D60) -> 53375000 | E62: 0 | F62: 0 | L62: JUMLAH PENGAJUAN Sumedang | M62: =SUM(M54:M60) -> 53375000 | N62: 0 | O62: 0
C63: Jumlah Yang Belum Dibayar | E63: =D62 -> 53375000 | L63: Jumlah Yang Belum Dibayar | N63: =M62 -> 53375000
A64: Tanggerang | J64: Tanggerang
C68: JUMLAH PENGAJUAN Tanggerang | D68: =SUM(D65:D67) -> 0 | E68: 0 | F68: 0 | L68: JUMLAH PENGAJUAN Tanggerang | M68: =SUM(M65:M67) -> 0 | N68: 0 | O68: 0
C69: Jumlah Yang Belum Dibayar | E69: =D68 -> 0 | L69: Jumlah Yang Belum Dibayar | N69: =M68 -> 0
A70: KONTRABON | J70: KONTRABON
B71: Kt.26.191 | C71: Kontrabon Restulogam 27/2 (Pemb Cat,Tiner,Kuas,dll) Pro SMA | D71: 324000 | K71: Kt.26.191 | L71: Bayar Kontrabon Restulogam 27/2 (Pemb Cat,Tiner,Kuas,dll) Pro SMA | M71: 324000
B72: Kt.26.203 | C72: Kontrabon Restulogam6/3 (Pemb No Drop,Kuas) RT PA Iman | D72: =220000+15000 -> 235000 | K72: Kt.26.203 | L72: Bayar Kontrabon Restulogam6/3 (Pemb No Drop,Kuas) RT PA Iman | M72: =220000+15000 -> 235000
B73: Ku.26.034 | C73: Kontrabon Restulogam 6/3 (Pemb Terpal) Kantor | D73: 72000 | K73: Ku.26.034 | L73: Bayar Kontrabon Restulogam 6/3 (Pemb Terpal) Kantor | M73: 72000
C82: JUMLAH PENGAJUAN Kontrabon | D82: =SUM(D71:D81) -> 631000 | L82: JUMLAH PENGAJUAN Kontrabon | M82: =SUM(M71:M81) -> 631000
C83: Jumlah Yang Belum Dibayar | E83: =D82 -> 631000 | L83: Jumlah Yang Belum Dibayar | N83: =M82 -> 631000
A84: TAMBAHAN PENGAJUAN | J84: TAMBAHAN PENGAJUAN
C89: JUMLAH PENGAJUAN | D89: =SUM(D85:D88) -> 0 | E89: 0 | F89: 0 | L89: JUMLAH PENGAJUAN | M89: =SUM(M85:M88) -> 0 | N89: 0 | O89: 0
C90: Jumlah Yang Belum Dibayar | E90: =D89 -> 0 | L90: Jumlah Yang Belum Dibayar | N90: =M89 -> 0
A91: TOTAL PENGAJUAN KONTRAKTOR | E91: =E37+E46+E83+E90+E63+E69+E52 -> 54946000 | J91: TOTAL PENGAJUAN KONTRAKTOR | N91: =N37+N46+N83+N90+N63+N69+N52 -> 54946000
A92: JUMLAH KESELURUHAN PENGAJUAN | E92: =+E30+E91 -> 83211840 | J92: JUMLAH KESELURUHAN PENGAJUAN | N92: =+N30+N91 -> 83211840
A93: TAMBAHAN PENGAJUAN | J93: TAMBAHAN PENGAJUAN
A99: JUMLAH | D99: =SUM(D94:D98) -> 0 | J99: JUMLAH | M99: =SUM(M94:M98) -> 0
A100: TOTAL | J100: TOTAL
A102: PENCAIRAN | J102: PENCAIRAN
A103: NO | B103: TANGGAL | C103: KETERANGAN | D103: JUMLAH | E103: PARAF | J103: NO | K103: TANGGAL | L103: KETERANGAN | M103: JUMLAH | N103: PARAF
K104: 46087 | L104: Cash Besar Rek BCA Nisa | M104: 83200000
C109: Jumlah Penerimaan | D109: =SUM(D104:D108) -> 0 | L109: Jumlah Penerimaan | M109: =SUM(M104:M108) -> 83200000

Sheet Pengajuan Ke 8 RT BU Ani 
A1: REKAPAN PENGAJUAN
A2: PER TANGGAL 13 Februari 2026
A3: POSISI KAS SAAT INI
C4: Kas Besar (Nisa) | D4: 0
C5: Mandiri Akhmad Jaelani
C6: Mandiri CBS
C7: BJB CBS
C8: BJB CRS
C9: BRI CRS
A11: TOTAL POSISI KAS DAN BANK TGL 22 Januari 2026 | H11: =SUM(D4:D9) -> 0
A12: RT Bu ANI
B13: Kt.26.199 | C13: Upah Tukang RT Bu Ani | D13: 3150000
B14: Kt.26.199 | C14: Air Minum | D14: 12000
C18: JUMLAH PENGAJUAN RT Bu Ani | D18: =SUM(D13:D17) -> 3162000 | E18: =SUM(E13:E17) -> 0 | F18: =SUM(F13:F17) -> 0
C19: Jumlah Yang Belum Dibayar | E19: =D18 -> 3162000
A20: Kontrabon
B21: Kt.26.192 | C21: Kotrabon Restulogam 28/2 (Pemb No Drop,Kuas,dll) RT BU Ani | D21: 1050000
C26: JUMLAH PENGAJUAN RT Bu Ani | D26: =SUM(D21:D25) -> 1050000
C27: Jumlah Yang Belum Dibayar | E27: =D26 -> 1050000
A28: TOTAL PENGAJUAN | E28: =E19+E27 -> 4212000
A29: TAMBAHAN PENGAJUAN
A35: JUMLAH | D35: =SUM(D30:D34) -> 0
A36: TOTAL
A38: PENCAIRAN
A39: NO | B39: TANGGAL | C39: KETERANGAN | D39: JUMLAH | E39: PARAF
C40: Dri Uang Sumedang | D40: 4212000
C45: Jumlah Penerimaan | D45: =SUM(D40:D44) -> 4212000

Sheet Sheet7
A1: PA HERI | C1: Pa Dedi | E1: PA MAMAT | G1: NISA | I1: Pa Uden
A2: Upah Tukang (7 Org) Pro Sumedang | B2: 5215000 | C2: Upah Pa Dedi (Kantor) | D2: 150000 | E2: Upah Tukang Pa Mamat (Pek. Pasang Lampu,Kanopi Pasad,dll) Pro SMA | F2: 740000 | G2: Biaya Perbaikan CCTV Kantor | H2: 4745000 | I2: BBM Buang Barangkal Pro SD (Talangan Pa Uden) | J2: 50000
A3: Kekurangan Upah Tukang Minggu Lalu Pro Sumedang | B3: 570000 | C3: Upah Pa Dedi Pro SMA | D3: 150000 | G3: Telphone & Internet | H3: 503500
A4: Upah Pa Heri Pro Sumedang | B4: 1540000 | C4: Upah Pa dedi Pro Sumedang | D4: 750000 | G4: Listrik | H4: 503500
A5: Keamanan Satpam Minggu Ke 4 Pro Sumedang | B5: 300000 | G5: Air Minum 1 Gln (Talangan Pa Uden) | H5: 16000
G6: Iuran RT (Per 10 Bulan) | H6: 650000
G7: Sumbangan Thr Rt | H7: 250000
G8: Iuran Rw | H8: 185000
G9: Sumbangan Thr Rw | H9: 250000
G10: Kekurangan Pajak P'Akhmad | H10: 462840
G11: Paket Lebar 2026 | H11: 20550000
G12: Upah Pa Agus (Borongan) Pro Sumedang | H12: 25000000
G13: Pemb ke 2 Pek Baja (Pa Hendra) Pro Sumedang | H13: 20000000
G14: Bayar Kontrabon Restulogam 27/2 (Pemb Cat,Tiner,Kuas,dll) Pro SMA | H14: 324000
G15: Bayar Kontrabon Restulogam6/3 (Pemb No Drop,Kuas) RT PA Iman | H15: 235000
G16: Bayar Kontrabon Restulogam 6/3 (Pemb Terpal) Kantor | H16: 72000
G17: Upah Tukang RT Bu Ani | H17: 3150000
... G19: Kotrabon Restulogam 28/2 (Pemb No Drop,Kuas,dll) RT BU Ani | H19: 1050000
B29: =SUM(B2:B27) -> 7625000 | C29: =SUM(C2:C27) -> 0 | D29: =SUM(D2:D27) -> 1050000 | E29: =SUM(E2:E27) -> 0 | F29: =SUM(F2:F27) -> 740000 | G29: =SUM(G2:G27) -> 0 | H29: =SUM(H2:H27) -> 77958840 | I29: =SUM(I2:I27) -> 0 | J29: =SUM(J2:J27) -> 50000 | L29: =SUM(B29:K29) -> 87423840
A30: Cash Bon PA Heri | B30: 500000 | C30: Kasbon Kantor | D30: 100000 | L30: =L29-Sheet3!N92 -> 4212000
B32: =B29-B30 -> 7125000 | D32: =D29-D30-D31 -> 950000
H33: =H14+H15+H16+H19+160000 -> 1841000

Sheet Sheet10
A1: REKAPAN PENGAJUAN | J1: REKAPAN PENGAJUAN | S1: REKAPAN PENGAJUAN
A2: PER TANGGAL 12 Maret 2026 | J2: PER TANGGAL 12 Maret 2026 | S2: PER TANGGAL 12 Maret 2026
A3: POSISI KAS SAAT INI | J3: POSISI KAS SAAT INI | S3: POSISI KAS SAAT INI
C4: Kas Besar (Nisa) | D4: =18077570-4745000-2818500 -> 10514070 | L4: Kas Besar (Nisa) | M4: =18077570-4745000-2818500 -> 10514070 | U4: Kas Besar (Nisa) | V4: =18077570-4745000-2818500 -> 10514070
C5: Mandiri Akhmad Jaelani | D5: 434765 | L5: Mandiri Akhmad Jaelani | M5: 434765 | U5: Mandiri Akhmad Jaelani | V5: 434765
C6: Mandiri CBS (Lagi Ganguan) | D6: 1213200 | L6: Mandiri CBS (Lagi Ganguan) | M6: 1213200 | U6: Mandiri CBS (Lagi Ganguan) | V6: 1213200
C7: BJB CBS | D7: 1146153 | L7: BJB CBS | M7: 1146153 | U7: BJB CBS | V7: 1146153
C8: BJB CRS | D8: 3297736 | L8: BJB CRS | M8: 3297736 | U8: BJB CRS | V8: 3297736
C9: BRI CRS | D9: 2626657 | L9: BRI CRS | M9: 2626657 | U9: BRI CRS | V9: 2626657
A11: TOTAL POSISI KAS DAN BANK TGL 12 Maret 2026 | H11: =SUM(D4:D9) -> 19232581 | J11: TOTAL POSISI KAS DAN BANK TGL 12 Maret 2026 | Q11: =SUM(M4:M9) -> 19232581 | S11: TOTAL POSISI KAS DAN BANK TGL 12 Maret 2026 | Z11: =SUM(V4:V9) -> 19232581
A12: UMUM | J12: UMUM | S12: UMUM
A13: TGL | B13: NO KAS | C13: KETERANGAN PENGAJUAN | D13: PENGAJUAN | E13: PENCAIRAN | J13: TGL | K13: NO KAS | L13: KETERANGAN PENGAJUAN | M13: PENGAJUAN | N13: PENCAIRAN | S13: TGL | T13: NO KAS | U13: KETERANGAN PENGAJUAN | V13: PENGAJUAN | W13: PENCAIRAN
E14: SUDAH | F14: CASH | G14: GIRO | H14: TRANSFER | N14: SUDAH | O14: CASH | P14: GIRO | Q14: TRANSFER | W14: SUDAH | X14: CASH | Y14: GIRO | Z14: TRANSFER
T15: Ku.26 | U15: Tambahan Parcel | V15: 1590000
T16: Ku.26 | U16: Pemb Kabel Sprial Telephone | V16: 30000
U17: 0
C18: JUMLAH PENGAJUAN UMUM | D18: =SUM(D16:D17) -> 0 | L18: JUMLAH PENGAJUAN UMUM | M18: =SUM(M16:M17) -> 0 | U18: JUMLAH PENGAJUAN UMUM | V18: =SUM(V15:V17) -> 1620000
C19: Jumlah Yang Belum Dibayar | H19: =+D18 -> 0 | L19: Jumlah Yang Belum Dibayar | Q19: =+M18 -> 0 | U19: Jumlah Yang Belum Dibayar | Z19: =+V18 -> 1620000
A20: TOTAL PENGAJUAN UMUM | E20: =+H19 -> 0 | J20: TOTAL PENGAJUAN UMUM | N20: =+Q19 -> 0 | S20: TOTAL PENGAJUAN UMUM | W20: =+Z19 -> 1620000
A21: ALCENT | J21: ALCENT | S21: ALCENT
B22: Kt.26.219 | C22: Upah Tukang Pa Mamat (Pek Dudukan Torn Instalasi Air) Pro TK | D22: 750000 | K22: Kt.26.219 | L22: Upah Tuakang Pa Mamat (Pek Dudukan Torn Instalasi Air) Pro TK | M22: 750000 | T22: Kt.26.233 | U22: Pemb Pek Service Outdoor AC (Pa Karsana) Pro SMA | V22: 4877000
B23: Kt.26.219 | C23: Pemb Matrial (hebel.Prekat,Semen,dll) Pro TK | D23: 1395000 | K23: Kt.26.219 | L23: Pemb Matrial (hebel.Prekat,Semen,dll) Pro TK | M23: 1395000 | T23: Kt.26.234 | U23: Pemb Cat Pro SMP
B24: Kt.26.220 | C24: Upah Tukang Pa Mamat (Pek pasng Kramik) Pro TK | D24: 900000 | K24: Kt.26.220 | L24: Upah Tuakang Pa Mamat (Pek pasng Kramik) Pro SD | M24: 900000 | T24: Kt.26.220
B25: Kt.26.220 | C25: Pemb Matrial (hebel.Prekat,Semen,dll) Pro SD | D25: 1377000 | K25: Kt.26.220 | L25: Pemb Matrial (hebel.Prekat,Semen,dll) Pro SD | M25: 1377000 | T25: Kt.26.220
B26: Kt.26.223 | C26: Upah Tukang Pa Mamat (Pek Pengecetan) Pro SMP | D26: 260000 | K26: Kt.26.223 | L26: Upah Tukang Pa Mamat (Pek Pengecetan) Pro SMP | M26: 260000 | T26: Kt.26.223
B27: Kt.26.223 | C27: Upah Tukang Listrik Tgl 7/3 (Perbaikan STK) Pro SMP | D27: 150000 | K27: Kt.26.223 | L27: Upah Tukang Listrik Tgl 7/3 (Perbaikan STK) Pro SMP | M27: 150000 | T27: Kt.26.223
B28: Kt.26.223 | C28: Upah Tukang Perbaikan Pintu (Pa Yoda) Pro SMP | D28: 1055000 | K28: Kt.26.223 | L28: Upah Tukang Perbaikan Pintu (Pa Yoda) Pro SMP | M28: 1055000 | T28: Kt.26.223
B29: Kt.26.222 | C29: Upah Tukang Pa Mamat (Pek Nat Tepat duduk Area Kantin,dll Pro SMA | D29: 1210000 | K29: Kt.26.222 | L29: Upah Tukang Pa Mamat (Pek Nat Tepat duduk Area Kantin,dll Pro SMA | M29: 1210000 | T29: Kt.26.222
B30: Kt.26.222 | C30: Perbaikan Pintu Pagar (Pa Karsana) Pro SMA | D30: 200000 | K30: Kt.26.222 | L30: Perbaikan Pintu Pagar (Pa Karsana) Pro SMA | M30: 200000 | T30: Kt.26.222
B31: Kt.26.222 | C31: Upah Tukang Listrik Tgl 4-8/3 (Pek Pengecekan & Ganti Lampu) | D31: 300000 | K31: Kt.26.222 | L31: Upah Tukang Listrik Tgl 4-8/3 (Pek Pengecekan & Ganti Lampu) | M31: 300000 | T31: Kt.26.222
B32: Kt.26.222 | C32: Upah Perbaikan Pintu (Pa Yoda) Pro SMA | D32: 400000 | K32: Kt.26.222 | L32: Upah Perbaikan Pintu (Pa Yoda) Pro SMA | M32: 400000 | T32: Kt.26.222
B33: Kt.26.222 | C33: Upah Pa Dedi Pro SMA | D33: 150000 | K33: Kt.26.222 | L33: Upah Pa Dedi Pro SMA | M33: 150000 | T33: Kt.26.222
B34: Kt.26.222 | C34: Upah Pek Lemari (Pa Kiki) Pro SMA | D34: 5000000 | K34: Kt.26.222 | L34: Upah Pek Lemari (Pa Kiki) Pro SMA | M34: 5000000 | T34: Kt.26.222
C38: JUMLAH PENGAJUAN SD,SMP,SMA | D38: =SUM(D22:D37) -> 13147000 | L38: JUMLAH PENGAJUAN SD,SMP,SMA | M38: =SUM(M22:M37) -> 13147000 | U38: JUMLAH PENGAJUAN SD,SMP,SMA | V38: =SUM(V22:V37) -> 4877000
C39: Jumlah Yang Belum Dibayar | E39: =D38 -> 13147000 | L39: Jumlah Yang Belum Dibayar | N39: =M38 -> 13147000 | U39: Jumlah Yang Belum Dibayar | W39: =V38 -> 4877000
A40: RT Bu Ani | J40: RT Bu Ani | S40: RT Bu Ani
B41: Kt.26.224 | C41: Upah Tukang RT BU Ani | D41: 3150000 | K41: Kt.26.224 | L41: Upah Tukang RT BU Ani | M41: 3150000 | T41: Kt.26.224 | U41: Upah Tukang RT BU Ani
B42: Kt.26.224 | C42: Air Minum RT Bu Ani | D42: 12000 | K42: Kt.26.224 | L42: Air Minum RT Bu Ani | T42: Kt.26.224 | U42: Air Minum RT Bu Ani | V42: 12000
C47: JUMLAH PENGAJUAN RT BU Ani | D47: =SUM(D41:D45) -> 3162000 | E47: 0 | F47: 0 | L47: JUMLAH PENGAJUAN RT BU Ani | M47: =SUM(M41:M45) -> 3150000 | N47: 0 | O47: 0 | U47: JUMLAH PENGAJUAN RT BU Ani | V47: =SUM(V41:V45) -> 12000 | W47: 0 | X47: 0
C48: Jumlah Yang Belum Dibayar | E48: =D47 -> 3162000 | L48: Jumlah Yang Belum Dibayar | N48: =M47 -> 3150000 | U48: Jumlah Yang Belum Dibayar | W48: =V47 -> 12000
A49: UPI | J49: UPI | S49: UPI
B50: Kn.26.006 | C50: BBM Antar Berkas Tgl 20/2 & Tgl 23/2 | K50: Kn.26.006 | L50: BBM Antar Berkas Tgl 20/2 & Tgl 23/2 | T50: Kn.26.006 | U50: BBM Antar Berkas Tgl 20/2 & Tgl 23/2
C53: JUMLAH PENGAJUAN UPI | D53: =SUM(D50:D51) -> 0 | E53: 0 | F53: 0 | L53: JUMLAH PENGAJUAN UPI | M53: =SUM(M50:M51) -> 0 | N53: 0 | O53: 0 | U53: JUMLAH PENGAJUAN UPI | V53: =SUM(V50:V51) -> 0 | W53: 0 | X53: 0
C54: Jumlah Yang Belum Dibayar | E54: =D53 -> 0 | L54: Jumlah Yang Belum Dibayar | N54: =M53 -> 0 | U54: Jumlah Yang Belum Dibayar | W54: =V53 -> 0
A55: Sumedang | J55: Sumedang | S55: Sumedang
B56: Kt.26.225 | C56: Upah Tukang (5 Org) Pro Sumedang | D56: 4445000 | K56: Kt.26.225 | L56: Upah Tukang (5 Org) Pro Sumedang | M56: 4445000 | T56: Kt.26.225 | U56: Upah Tukang (5 Org) Pro Sumedang
B57: Kt.26.225 | C57: Cash Bon Pa Agus Pek Sipil Pro Sumedang | D57: 27000000 | K57: Kt.26.225 | L57: Cash Bon Pa Agus Pek Sipil Pro Sumedang | Q57: Hari Senin | T57: Kt.26.225 | U57: Tambahan Cash Bon Pa Agus | V57: 15000000 | Z57: Hari Senin
B58: Kt.26.225 | C58: Pelunasan Pek Strauss (Pa Acep) Pro Sumedang | D58: 21000000 | K58: Kt.26.225 | L58: Pemb Pek Strauss (Pa Acep) Pro Sumedang | M58: 5000000 | Q58: Pelunasan Hari Senin | T58: Kt.26.225 | U58: Pelunasan Pek Strauss (Pa Acep) Pro Sumedang | Z58: Pelunasan Hari Senin
B59: Kt.26.225 | C59: Upah Pa Heri Pro Sumedang | D59: 1540000 | K59: Kt.26.225 | L59: Upah Pa Heri Pro Sumedang | M59: 1540000 | T59: Kt.26.225 | U59: Upah Pa Heri Pro Sumedang
B60: Kt.26.225 | C60: Upah Pa dedi Pro Sumedang | D60: 900000 | K60: Kt.26.225 | L60: Upah Pa dedi Pro Sumedang | M60: 900000 | T60: Kt.26.225 | U60: Upah Pa dedi Pro Sumedang
B61: Kt.26.225 | C61: Keamanan SatpamMinggu Ke 4 Pro Sumedang | D61: 300000 | K61: Kt.26.225 | L61: Keamanan Satpam Minggu Ke 4 Pro Sumedang | M61: 300000 | T61: Kt.26.225 | U61: Keamanan Satpam Minggu Ke 4 Pro Sumedang
B62: Kt.26.225 | C62: Keamanan Babinsa Pro Sumedang | D62: 1500000 | K62: Kt.26.225 | L62: Keamanan Babinsa Pro Sumedang | M62: 1500000 | T62: Kt.26.225 | U62: Keamanan Babinsa Pro Sumedang
B63: Kt.26.225 | C63: Kontrakan Pa Agus Pro Sumedang | D63: 600000 | K63: Kt.26.225 | L63: Kontrakan Pa Agus Pro Sumedang | M63: 600000 | T63: Kt.26.225 | U63: Kontrakan Pa Agus Pro Sumedang
B64: Kt.26.225 | C64: Kontrakan Kantor Pro Sumedang | D64: 500000 | K64: Kt.26.225 | L64: Kontrakan Kantor Pro Sumedang | M64: 500000 | T64: Kt.26.225 | U64: Kontrakan Kantor Pro Sumedang
B65: Kt.26.225 | C65: Air Minum | D65: 126000 | K65: Kt.26.225 | L65: Air Minum | M65: 126000 | T65: Kt.26.225 | U65: Air Minum
B66: Kt.26.214 | C66: Pemb Matrial Cat,Tiner,Kyu,Semen,dll) Pro Sumedang | D66: =28063200+5092000 -> 33155200 | K66: Kt.26.214 | L66: Pemb Matrial Cat,Tiner,Kyu,Semen,dll) Pro Sumedang | M66: =11500000-223000 -> 11277000 | T66: Kt.26.214 | U66: Pemb Matrial Cat,Tiner,Kyu,Semen,dll) Pro Sumedang | V66: =D66-M66-9000000 -> 12878200
C71: JUMLAH PENGAJUAN Sumedang | D71: =SUM(D56:D69) -> 91066200 | E71: 0 | F71: 0 | L71: JUMLAH PENGAJUAN Sumedang | M71: =SUM(M56:M69) -> 26188000 | N71: 0 | O71: 0 | U71: JUMLAH PENGAJUAN Sumedang | V71: =SUM(V56:V69) -> 27878200 | W71: 0 | X71: 0
C72: Jumlah Yang Belum Dibayar | E72: =D71 -> 91066200 | L72: Jumlah Yang Belum Dibayar | N72: =M71 -> 26188000 | U72: Jumlah Yang Belum Dibayar | W72: =V71 -> 27878200
A73: PA Iman | J73: PA Iman | S73: PA Iman
B74: Kt.26.217 | C74: Upah Tukang Pek Bocoran | D74: 250000 | K74: Kt.26.217 | L74: Upah Tukang Pek Bocoran | M74: 250000 | T74: Kt.26.217 | U74: Upah Tukang Pek Bocoran
C77: JUMLAH PENGAJUAN Tanggerang | D77: =SUM(D74:D76) -> 250000 | E77: 0 | F77: 0 | L77: JUMLAH PENGAJUAN Tanggerang | M77: =SUM(M74:M76) -> 250000 | N77: 0 | O77: 0 | U77: JUMLAH PENGAJUAN Tanggerang | V77: =SUM(V74:V76) -> 0 | W77: 0 | X77: 0
C78: Jumlah Yang Belum Dibayar | E78: =D77 -> 250000 | L78: Jumlah Yang Belum Dibayar | N78: =M77 -> 250000 | U78: Jumlah Yang Belum Dibayar | W78: =V77 -> 0
A79: KONTRABON | J79: KONTRABON | S79: KONTRABON
B80: Kt.26.226 | C80: Kontrabon Restulogam 12/3 (Pemb Elastex Abu) Pro SMA | D80: 1000000 | K80: Kt.26.226 | L80: Kontrabon Restulogam 12/3 (Pemb Elastex Abu) Pro SMA | T80: Kt.26.226 | U80: Kontrabon Restulogam 12/3 (Pemb Elastex Abu) Pro SMA | V80: 1000000
T81: Kt.26.228 | U81: KOntrabon Restulogam 12/3 (Pemb Ataboy) Pro SMP | V81: 40000
T82: Kt.26.229 | U82: Kontrabon Restulogam Tgl 14/3 (Pemb Cat) Pro Sumedang | V82: 2090000
T83: Kt.26.230 | U83: Kontrabon Restulogam Tgl 14/3 (Pemb Sdl,Pipa,Lem,T,dll) Pro SD | V83: 2163500
T84: Kt.26.231 | U84: Kontrabon Restulogam Tgl 14/3 (Pemb Sdl,Pipa,Lem,T,dll) Pro TK | V84: 2271500
T85: Kt.26.232 | U85: Kontrabon Sejahtera Tgl 14/3 (Pemb Lmapu,Stop Kontak,Tee Dus,dll) SMA | V85: 506500
T86: Kt.26.232 | U86: Kontrabon Restulogam Tgl 14/3 (Pemb Pipa,Knie,Sekrup,dll) SMA | V86: 219750
C91: JUMLAH PENGAJUAN Kontrabon | D91: =SUM(D80:D90) -> 1000000 | L91: JUMLAH PENGAJUAN Kontrabon | M91: =SUM(M80:M90) -> 0 | U91: JUMLAH PENGAJUAN Kontrabon | V91: =SUM(V80:V90) -> 8291250
C92: Jumlah Yang Belum Dibayar | E92: =D91 -> 1000000 | L92: Jumlah Yang Belum Dibayar | N92: =M91 -> 0 | U92: Jumlah Yang Belum Dibayar | W92: =V91 -> 8291250
A93: TAMBAHAN PENGAJUAN | J93: TAMBAHAN PENGAJUAN | S93: TAMBAHAN PENGAJUAN
C98: JUMLAH PENGAJUAN | D98: =SUM(D94:D97) -> 0 | E98: 0 | F98: 0 | L98: JUMLAH PENGAJUAN | M98: =SUM(M94:M97) -> 0 | N98: 0 | O98: 0 | U98: JUMLAH PENGAJUAN | V98: =SUM(V94:V97) -> 0 | W98: 0 | X98: 0
C99: Jumlah Yang Belum Dibayar | E99: =D98 -> 0 | L99: Jumlah Yang Belum Dibayar | N99: =M98 -> 0 | U99: Jumlah Yang Belum Dibayar | W99: =V98 -> 0
A100: TOTAL PENGAJUAN KONTRAKTOR | E100: =E39+E48+E92+E99+E72+E78+E54 -> 108625200 | J100: TOTAL PENGAJUAN KONTRAKTOR | N100: =N39+N48+N92+N99+N72+N78+N54 -> 42735000 | S100: TOTAL PENGAJUAN KONTRAKTOR | W100: =W39+W48+W92+W99+W72+W78+W54 -> 41058450
A101: JUMLAH KESELURUHAN PENGAJUAN | E101: =+E20+E100 -> 108625200 | J101: JUMLAH KESELURUHAN PENGAJUAN | N101: =+N20+N100 -> 42735000 | S101: JUMLAH KESELURUHAN PENGAJUAN | W101: =+W20+W100 -> 42678450
A102: TAMBAHAN PENGAJUAN | J102: TAMBAHAN PENGAJUAN | S102: TAMBAHAN PENGAJUAN
A108: JUMLAH | D108: =SUM(D103:D107) -> 0 | J108: JUMLAH | M108: =SUM(M103:M107) -> 0 | S108: JUMLAH | V108: =SUM(V103:V107) -> 0
A109: TOTAL | J109: TOTAL | S109: TOTAL
A111: PENCAIRAN | J111: PENCAIRAN | S111: PENCAIRAN
A112: NO | B112: TANGGAL | C112: KETERANGAN | D112: JUMLAH | E112: PARAF | J112: NO | K112: TANGGAL | L112: KETERANGAN | M112: JUMLAH | N112: PARAF | S112: NO | T112: TANGGAL | U112: KETERANGAN | V112: JUMLAH | W112: PARAF
L113: Kas Dri BCA Siti R.(Pa Giri) | M113: 27500000 | U113: Kas Dri BCA Siti R.(Pa Giri) | V113: 27500000
L114: Kas Dri BRI | M114: 2500000 | U114: Kas Dri BRI | V114: 2500000
L115: Kas Nisa | M115: 10500000 | U115: Kas Nisa | V115: 10500000
L116: Pinjaman Pa Uden | M116: 2235000 | U116: Pinjaman Pa Uden | V116: 2235000
C118: Jumlah Penerimaan | D118: =SUM(D113:D117) -> 0 | L118: Jumlah Penerimaan | M118: =SUM(M113:M117) -> 42735000 | U118: Jumlah Penerimaan | V118: =SUM(V113:V117) -> 42735000
M119: =M118-N101 -> 0 | V119: =V118-W101 -> 56550

Sheet Sheet12
A1: PA HERI | C1: Pa Dedi | E1: PA MAMAT | G1: NISA | I1: Pa Uden
A2: Upah Tukang (5 Org) Pro Sumedang | B2: 4445000 | C2: Upah Pa Dedi Pro SMA | D2: 150000 | E2: Upah Tukang Pa Mamat (Pek Dudukan Torn Instalasi Air) Pro TK | F2: 750000 | G2: Pemb Matrial (hebel.Prekat,Semen,dll) Pro TK | H2: 1395000
A3: Pemb Pek Strauss (Pa Acep) Pro Sumedang | B3: 5000000 | C3: Upah Pa dedi Pro Sumedang | D3: 900000 | E3: Upah Tukang Pa Mamat (Pek pasng Kramik) Pro TK | F3: 900000 | G3: Pemb Matrial (hebel.Prekat,Semen,dll) Pro SD | H3: 1377000
A4: Upah Pa Heri Pro Sumedang | B4: 1540000 | E4: Upah Tukang Pa Mamat (Pek Pengecetan) Pro SMP | F4: 260000 | G4: Upah Tukang Perbaikan Pintu (Pa Yoda) Pro SMP | H4: 1055000
A5: Keamanan Satpam Minggu Ke 4 Pro Sumedang | B5: 300000 | E5: Upah Tukang Pa Mamat (Pek Nat Tepat duduk Area Kantin,dll Pro SMA | F5: 1210000 | G5: Upah Tukang Listrik Tgl 7/3 (Perbaikan STK) Pro SMP | H5: 150000
A6: Keamanan Babinsa Pro Sumedang | B6: 1500000 | G6: Perbaikan Pintu Pagar (Pa Karsana) Pro SMA | H6: 200000
A7: Kontrakan Pa Agus Pro Sumedang | B7: 600000 | G7: Upah Tukang Listrik Tgl 4-8/3 (Pek Pengecekan & Ganti Lampu) | H7: 300000
A8: Kontrakan Kantor Pro Sumedang | B8: 500000 | G8: Upah Perbaikan Pintu (Pa Yoda) Pro SMA | H8: 400000
A9: Air Minum | B9: 126000 | G9: Upah Pek Lemari (Pa Kiki) Pro SMA | H9: 5000000
A10: Pemb Matrial Cat,Tiner,Kyu,Semen,dll) Pro Sumedang | B10: =11277000-5092000 -> 6185000 | G10: Upah Tukang RT BU Ani | H10: 3150000
G11: Upah Tukang Pek Bocoran | H11: 250000
G12: Baut Angkur | H12: 5092000
B29: =SUM(B2:B27) -> 20196000 | C29: =SUM(C2:C27) -> 0 | D29: =SUM(D2:D27) -> 1050000 | E29: =SUM(E2:E27) -> 0 | F29: =SUM(F2:F27) -> 3120000 | G29: =SUM(G2:G27) -> 0 | H29: =SUM(H2:H27) -> 18369000 | I29: =SUM(I2:I27) -> 0 | J29: =SUM(J2:J27) -> 0 | L29: =SUM(B29:K29) -> 42735000
C30: Kasbon Kantor | D30: 100000 | L30: =L29-Sheet10!M118 -> 0
D32: =D29-D30-D31 -> 950000
B33: =B29-10000000 -> 10196000

Sheet Sheet13
A1: REKAPAN PENGAJUAN | J1: REKAPAN PENGAJUAN
A2: PER TANGGAL 16 Maret 2026 | J2: PER TANGGAL 16 Maret 2026
A3: POSISI KAS SAAT INI | J3: POSISI KAS SAAT INI
C4: Kas Besar (Nisa) | D4: 140534217 | L4: Kas Besar (Nisa) | M4: 140534217
C5: Mandiri Akhmad Jaelani | D5: 334765 | L5: Mandiri Akhmad Jaelani | M5: 334765
C6: Mandiri CBS (Lagi Ganguan) | D6: 1213200 | L6: Mandiri CBS (Lagi Ganguan) | M6: 1213200
C7: BJB CBS | D7: 1146153 | L7: BJB CBS | M7: 1146153
C8: BJB CRS | D8: 3297736 | L8: BJB CRS | M8: 3297736
C9: BRI CRS | D9: 2626657 | L9: BRI CRS | M9: 2626657
A11: TOTAL POSISI KAS DAN BANK TGL 16 Maret 2026 | H11: =SUM(D4:D9) -> 149152728 | J11: TOTAL POSISI KAS DAN BANK TGL 16 Maret 2026 | Q11: =SUM(M4:M9) -> 149152728
A12: UMUM | J12: UMUM
A13: TGL | B13: NO KAS | C13: KETERANGAN PENGAJUAN | D13: PENGAJUAN | E13: PENCAIRAN | J13: TGL | K13: NO KAS | L13: KETERANGAN PENGAJUAN | M13: PENGAJUAN | N13: PENCAIRAN
E14: SUDAH | F14: CASH | G14: GIRO | H14: TRANSFER | N14: SUDAH | O14: CASH | P14: GIRO | Q14: TRANSFER
B15: Ku.26.038 | C15: Air Minum | D15: 16000 | J15: 46098 | K15: Ku.26.038 | L15: Air Minum | M15: 16000
B16: Ku.26.038 | C16: Upah Pa Dedi Antar Paket Lebaran | D16: 150000 | J16: 46098 | K16: Ku.26.038 | L16: Upah Pa Dedi Antar Paket Lebaran | M16: 150000
B17: Ku.26.038 | C17: Upah Pa Iwan Antar Paket Lebaran | D17: 240000 | J17: 46098 | K17: Ku.26.038 | L17: Upah Pa Iwan Antar Paket Lebaran | M17: 240000
B18: Ku.26.038 | C18: ATK | D18: =49000+38000+22000+10000 -> 119000 | J18: 46098 | K18: Ku.26.038 | L18: ATK | M18: =49000+38000+22000+10000 -> 119000
C21: JUMLAH PENGAJUAN UMUM | D21: =SUM(D15:D18) -> 525000 | L21: JUMLAH PENGAJUAN UMUM | M21: =SUM(M15:M18) -> 525000
C22: Jumlah Yang Belum Dibayar | H22: =+D21 -> 525000 | L22: Jumlah Yang Belum Dibayar | Q22: =+M21 -> 525000
A23: TOTAL PENGAJUAN UMUM | E23: =+H22 -> 525000 | J23: TOTAL PENGAJUAN UMUM | N23: =+Q22 -> 525000
A24: ALCENT | J24: ALCENT
B25: Kt.26.233 | C25: Pelunasan Pasang CCTV Pro TK | D25: =5637000-2818500 -> 2818500 | J25: 46098 | K25: Kt.26.233 | L25: Pelunasan Pasang CCTV Pro TK | M25: =5637000-2818500 -> 2818500
B26: Kt.26.233 | C26: Pemb Pek Service Outdoor AC (Pa Karsana) Pro SMA | D26: 4877000 | J26: 46098 | K26: Kt.26.233 | L26: Pemb Pek Service Outdoor AC (Pa Karsana) Pro SMA | M26: 4877000
B27: Kt.26.238 | C27: Matrial TK (Pemb Stop Kran,Sok Drat,dll) TK | D27: 1066000 | J27: 46098 | K27: Kt.26.238 | L27: Matrial TK (Pemb Stop Kran,Sok Drat,dll) TK | M27: 1066000
B28: Kt.26.238 | C28: Upah Tukang Pa Mamat (Pek Dudukan Toren,Instalasi Air,dll) Pro TK | D28: 1480000 | J28: 46098 | K28: Kt.26.238 | L28: Upah Tukang Pa Mamat (Pek Dudukan Toren,Instalasi Air,dll) Pro TK | M28: 1480000
B29: Kt.26.238 | C29: Bon Talangan Pa Mamat Pro TK | D29: 65000 | J29: 46098 | K29: Kt.26.238 | L29: Bon Talangan Pa Mamat Pro TK | M29: 65000
B30: Kt.26.241 | C30: Upah Tukang Pa Mamat (Pek Dudukan Toren,dll) Pro TK | D30: 1400000 | J30: 46098 | K30: Kt.26.241 | L30: Upah Tukang Pa Mamat (Pek Dudukan Toren,dll) Pro SD | M30: 1400000
B31: Kt.26.241 | C31: Bon Talangan Pa Mamat Pro SD | D31: 186000 | J31: 46098 | K31: Kt.26.241 | L31: Bon Talangan Pa Mamat Pro SD | M31: 186000
B32: Kt.26.234 | C32: Pemb Cat Pro SMP | D32: 230000 | J32: 46098 | K32: Kt.26.234 | L32: Pemb Cat Pro SMP | M32: 230000
B33: Kt.26.234 | C33: Upah Pa Mamat Pek Pengecetan Pro SMP | D33: 230000 | J33: 46098 | K33: Kt.26.234 | L33: Upah Pa Mamat Pek Pengecetan Pro SMP | M33: 230000
B34: Kt.26.234 | C34: Bon Talangan Pa Mamat Pro SMP | D34: 51000 | J34: 46098 | K34: Kt.26.234 | L34: Bon Talangan Pa Mamat Pro SMP | M34: 51000
B35: Kt.26.242 | C35: Pemb Pek Pelepasan sanblas Railing Kaca (Pa Fadli) SMA | D35: 327000 | J35: 46098 | K35: Kt.26.242 | L35: Pemb Pek Pelepasan sanblas Railing Kaca (Pa Fadli) SMA | M35: 327000
B36: Kt.26.242 | C36: Biaya ADM | D36: 2500 | J36: 46098 | K36: Kt.26.242 | L36: Biaya ADM | M36: 2500
B37: Kt.26.242 | C37: Upah Tukang Pa Mamat Pro SMA | D37: 540000 | J37: 46098 | K37: Kt.26.242 | L37: Upah Tukang Pa Mamat Pro SMA | M37: 540000
B38: Kt.26.242 | C38: Bon Talangan Pa Mamat Pro SMA | D38: 96000 | I38: =120*6 -> 720 | J38: 46098 | K38: Kt.26.242 | L38: Bon Talangan Pa Mamat Pro SMA | M38: 96000
C40: JUMLAH PENGAJUAN SD,SMP,SMA | D40: =SUM(D25:D39) -> 13369000 | L40: JUMLAH PENGAJUAN SD,SMP,SMA | M40: =SUM(M25:M39) -> 13369000
C41: Jumlah Yang Belum Dibayar | E41: =D40 -> 13369000 | L41: Jumlah Yang Belum Dibayar | N41: =M40 -> 13369000
A42: RT Bu Ani | J42: RT Bu Ani
B43: Kt.26.224 | C43: Upah Tukang RT BU Ani | K43: Kt.26.224 | L43: Upah Tukang RT BU Ani
B44: Kt.26.224 | C44: Air Minum RT Bu Ani | D44: 12000 | J44: 46098 | K44: Kt.26.224 | L44: Air Minum RT Bu Ani | M44: 12000
C49: JUMLAH PENGAJUAN RT BU Ani | D49: =SUM(D43:D47) -> 12000 | E49: 0 | F49: 0 | L49: JUMLAH PENGAJUAN RT BU Ani | M49: =SUM(M43:M47) -> 12000 | N49: 0 | O49: 0
C50: Jumlah Yang Belum Dibayar | E50: =D49 -> 12000 | L50: Jumlah Yang Belum Dibayar | N50: =M49 -> 12000
A51: UPI | J51: UPI
B52: Kn.26.006 | C52: BBM Antar Berkas Tgl 20/2 & Tgl 23/2 | K52: Kn.26.006 | L52: BBM Antar Berkas Tgl 20/2 & Tgl 23/2
C55: JUMLAH PENGAJUAN UPI | D55: =SUM(D52:D53) -> 0 | E55: 0 | F55: 0 | L55: JUMLAH PENGAJUAN UPI | M55: =SUM(M52:M53) -> 0 | N55: 0 | O55: 0
C56: Jumlah Yang Belum Dibayar | E56: =D55 -> 0 | L56: Jumlah Yang Belum Dibayar | N56: =M55 -> 0
A57: Sumedang | J57: Sumedang
B58: Kt.26.214 | C58: Sisa Pemb Matrial Cat,Tiner,Kyu,Semen,dll) Pro Sumedang | D58: 12878200 | E58: =11277000+9000000+2235000 -> 22512000 | J58: 46098 | K58: Kt.26.214 | L58: Sisa Pemb Matrial Cat,Tiner,Kyu,Semen,dll) Pro Sumedang | M58: 12878200 | N58: =11277000+9000000+2235000 -> 22512000
B59: Kt.26.239 | C59: Printer Untuk Lapangan Pro Sumedang | D59: 1700000 | J59: 46098 | K59: Kt.26.239 | L59: Printer Untuk Lapangan Pro Sumedang | M59: 1700000
B60: Kt.26.239 | C60: Pemb ATK Pro Sumedang | D60: 21500 | J60: 46098 | K60: Kt.26.239 | L60: Pemb ATK Pro Sumedang | M60: 21500
B61: Kt.26.240 | C61: Upah Tukang (5 Org) Pro Sumedang | D61: 3855000 | J61: 46098 | K61: Kt.26.240 | L61: Upah Tukang (5 Org) Pro Sumedang | M61: 3855000
B62: Kt.26.240 | C62: Tambahan Cash Bon Pa Agus | D62: 15000000 | J62: 46098 | K62: Kt.26.240 | L62: Tambahan Cash Bon Pa Agus | M62: 15000000
B63: Kt.26.240 | C63: Upah Pa Heri Pro Sumedang | D63: 880000 | J63: 46098 | K63: Kt.26.240 | L63: Upah Pa Heri Pro Sumedang | M63: 880000
B64: Kt.26.240 | C64: Upah Pa dedi Pro Sumedang | D64: 300000 | J64: 46098 | K64: Kt.26.240 | L64: Upah Pa dedi Pro Sumedang | M64: 300000
B65: Kt.26.240 | C65: Upah Pa iwan | D65: 240000 | J65: 46098 | K65: Kt.26.240 | L65: Upah Pa iwan | M65: 240000
B66: Kt.26.240 | C66: Keamanan Satpam Minggu Ke 6 Pro Sumedang | D66: 300000 | J66: 46098 | K66: Kt.26.240 | L66: Keamanan Satpam Minggu Ke 6 Pro Sumedang | M66: 300000
B67: Kt.26.240 | C67: Pemb Termin Ke 3 Pek Baja (Pa Ade) Pro Sumedang | D67: 30000000 | J67: 46098 | K67: Kt.26.240 | L67: Pemb Termin Ke 3 Pek Baja (Pa Ade) Pro Sumedang | M67: 30000000
C73: JUMLAH PENGAJUAN Sumedang | D73: =SUM(D58:D71) -> 65174700 | E73: 0 | F73: 0 | L73: JUMLAH PENGAJUAN Sumedang | M73: =SUM(M58:M71) -> 65174700 | N73: 0 | O73: 0
C74: Jumlah Yang Belum Dibayar | E74: =D73 -> 65174700 | L74: Jumlah Yang Belum Dibayar | N74: =M73 -> 65174700
A75: PA Iman | J75: PA Iman
B76: Kt.26.217 | C76: Upah Tukang Pek Bocoran | K76: Kt.26.217 | L76: Upah Tukang Pek Bocoran
C79: JUMLAH PENGAJUAN Tanggerang | D79: =SUM(D76:D78) -> 0 | E79: 0 | F79: 0 | L79: JUMLAH PENGAJUAN Tanggerang | M79: =SUM(M76:M78) -> 0 | N79: 0 | O79: 0
C80: Jumlah Yang Belum Dibayar | E80: =D79 -> 0 | L80: Jumlah Yang Belum Dibayar | N80: =M79 -> 0
A81: KONTRABON | J81: KONTRABON
B82: Kt.26.226 | C82: Kontrabon Restulogam 12/3 (Pemb Elastex Abu) Pro SMA | D82: 1000000 | J82: 46098 | K82: Kt.26.226 | L82: Kontrabon Restulogam 12/3 (Pemb Elastex Abu) Pro SMA | M82: 1000000
B83: Kt.26.228 | C83: KOntrabon Restulogam 12/3 (Pemb Ataboy) Pro SMP | D83: 40000 | J83: 46098 | K83: Kt.26.228 | L83: KOntrabon Restulogam 12/3 (Pemb Ataboy) Pro SMP | M83: 40000
B84: Kt.26.229 | C84: Kontrabon Restulogam Tgl 14/3 (Pemb Cat) Pro Sumedang | D84: 2090000 | J84: 46098 | K84: Kt.26.229 | L84: Kontrabon Restulogam Tgl 14/3 (Pemb Cat) Pro Sumedang | M84: 2090000
B85: Kt.26.230 | C85: Kontrabon Restulogam Tgl 14/3 (Pemb Sdl,Pipa,Lem,T,dll) Pro SD | D85: 2163500 | J85: 46098 | K85: Kt.26.230 | L85: Kontrabon Restulogam Tgl 14/3 (Pemb Sdl,Pipa,Lem,T,dll) Pro SD | M85: 2163500
B86: Kt.26.231 | C86: Kontrabon Restulogam Tgl 14/3 (Pemb Sdl,Pipa,Lem,T,dll) Pro TK | D86: 2271500 | J86: 46098 | K86: Kt.26.231 | L86: Kontrabon Restulogam Tgl 14/3 (Pemb Sdl,Pipa,Lem,T,dll) Pro TK | M86: 2271500
B87: Kt.26.232 | C87: Kontrabon Sejahtera Tgl 14/3 (Pemb Lmapu,Stop Kontak,Tee Dus,dll) SMA | D87: 506500 | J87: 46098 | K87: Kt.26.232 | L87: Kontrabon Sejahtera Tgl 14/3 (Pemb Lmapu,Stop Kontak,Tee Dus,dll) SMA | M87: 506500
B88: Kt.26.232 | C88: Kontrabon Restulogam Tgl 14/3 (Pemb Pipa,Knie,Sekrup,dll) SMA | D88: 219750 | J88: 46098 | K88: Kt.26.232 | L88: Kontrabon Restulogam Tgl 14/3 (Pemb Pipa,Knie,Sekrup,dll) SMA | M88: 219750
C93: JUMLAH PENGAJUAN Kontrabon | D93: =SUM(D82:D92) -> 8291250 | L93: JUMLAH PENGAJUAN Kontrabon | M93: =SUM(M82:M92) -> 8291250
C94: Jumlah Yang Belum Dibayar | E94: =D93 -> 8291250 | L94: Jumlah Yang Belum Dibayar | N94: =M93 -> 8291250
A95: TAMBAHAN PENGAJUAN | J95: TAMBAHAN PENGAJUAN
C100: JUMLAH PENGAJUAN | D100: =SUM(D96:D99) -> 0 | E100: 0 | F100: 0 | L100: JUMLAH PENGAJUAN | M100: =SUM(M96:M99) -> 0 | N100: 0 | O100: 0
C101: Jumlah Yang Belum Dibayar | E101: =D100 -> 0 | L101: Jumlah Yang Belum Dibayar | N101: =M100 -> 0
A102: TOTAL PENGAJUAN KONTRAKTOR | E102: =E41+E50+E94+E101+E74+E80+E56 -> 86846950 | J102: TOTAL PENGAJUAN KONTRAKTOR | N102: =N41+N50+N94+N101+N74+N80+N56 -> 86846950
A103: JUMLAH KESELURUHAN PENGAJUAN | E103: =+E23+E102 -> 87371950 | J103: JUMLAH KESELURUHAN PENGAJUAN | N103: =+N23+N102 -> 87371950
A104: TAMBAHAN PENGAJUAN | J104: TAMBAHAN PENGAJUAN
A110: JUMLAH | D110: =SUM(D105:D109) -> 0 | J110: JUMLAH | M110: =SUM(M105:M109) -> 0
A111: TOTAL | J111: TOTAL
A113: PENCAIRAN | J113: PENCAIRAN
A114: NO | B114: TANGGAL | C114: KETERANGAN | D114: JUMLAH | E114: PARAF | J114: NO | K114: TANGGAL | L114: KETERANGAN | M114: JUMLAH | N114: PARAF
C120: Jumlah Penerimaan | D120: =SUM(D115:D119) -> 0 | L120: Jumlah Penerimaan | M120: =SUM(M115:M119) -> 0

Sheet Sheet15
A1: PA HERI | C1: Pa Dedi | E1: PA MAMAT | G1: NISA | I1: Pa Uden
A2: Pemb Pek Pelepasan sanblas Railing Kaca (Pa Fadli) SMA | B2: 327000 | C2: Upah Pa Dedi Antar Paket Lebaran | D2: 150000 | E2: Upah Tukang Pa Mamat (Pek Dudukan Toren,Instalasi Air,dll) Pro TK | F2: 1480000 | G2: Upah Pa Iwan Antar Paket Lebaran | H2: 240000
A3: Biaya ADM | B3: 2500 | C3: Upah Pa dedi Pro Sumedang | D3: 300000 | E3: Bon Talangan Pa Mamat Pro TK | F3: 65000 | G3: ATK | H3: =49000+38000+22000+10000 -> 119000
A4: Sisa Pemb Matrial Cat,Tiner,Kyu,Semen,dll) Pro Sumedang | B4: =12878200-5000000-2090000 -> 5788200 | E4: Upah Tukang Pa Mamat (Pek Dudukan Toren,dll) Pro SD | F4: 1400000 | G4: Pelunasan Pasang CCTV Pro TK | H4: 2818500
A5: Upah Tukang (5 Org) Pro Sumedang | B5: 3855000 | E5: Bon Talangan Pa Mamat Pro SD | F5: 186000 | G5: Pemb Pek Service Outdoor AC (Pa Karsana) Pro SMA | H5: 4877000
A6: Upah Pa Heri Pro Sumedang | B6: 880000 | E6: Upah Pa Mamat Pek Pengecetan Pro SMP | F6: 230000 | G6: Matrial TK (Pemb Stop Kran,Sok Drat,dll) TK | H6: 1066000
A7: Keamanan Satpam Minggu Ke 6 Pro Sumedang | B7: 300000 | E7: Bon Talangan Pa Mamat Pro SMP | F7: 51000 | G7: Pemb Cat Pro SMP | H7: 230000
E8: Upah Tukang Pa Mamat Pro SMA | F8: 540000 | G8: Air Minum RT Bu Ani | H8: 12000
E9: Bon Talangan Pa Mamat Pro SMA | F9: 96000 | G9: Printer Untuk Lapangan Pro Sumedang | H9: 1700000
G10: Pemb ATK Pro Sumedang | H10: 21500
G11: Tambahan Cash Bon Pa Agus | H11: 15000000
G12: Upah Pa iwan | H12: 240000
G13: Pemb Termin Ke 3 Pek Baja (Pa Ade) Pro Sumedang | H13: 30000000
G14: Kontrabon Restulogam 12/3 (Pemb Elastex Abu) Pro SMA | H14: 1000000
G15: KOntrabon Restulogam 12/3 (Pemb Ataboy) Pro SMP | H15: 40000
G16: Kontrabon Restulogam Tgl 14/3 (Pemb Cat) Pro Sumedang | H16: 2090000
G17: Kontrabon Restulogam Tgl 14/3 (Pemb Sdl,Pipa,Lem,T,dll) Pro SD | H17: 2163500
G18: Kontrabon Restulogam Tgl 14/3 (Pemb Sdl,Pipa,Lem,T,dll) Pro TK | H18: 2271500
G19: Kontrabon Sejahtera Tgl 14/3 (Pemb Lmapu,Stop Kontak,Tee Dus,dll) SMA | H19: 506500
G20: Kontrabon Restulogam Tgl 14/3 (Pemb Pipa,Knie,Sekrup,dll) SMA | H20: 219750
G21: Air Minum Talangan Pa Uden | H21: 16000
B29: =SUM(B2:B27) -> 11152700 | C29: =SUM(C2:C27) -> 0 | D29: =SUM(D2:D27) -> 450000 | E29: =SUM(E2:E27) -> 0 | F29: =SUM(F2:F27) -> 4048000 | G29: =SUM(G2:G27) -> 0 | H29: =SUM(H2:H27) -> 64631250 | I29: =SUM(I2:I27) -> 0 | J29: =SUM(J2:J27) -> 0 | L29: =SUM(B29:K29) -> 80281950
C30: Kasbon Kantor | D30: 100000 | L30: =L29-Sheet13!N103 -> -7090000
A31: Isi Kas Logsitik Kmrn | B31: =B4 -> 5788200 | D31: =D29-D30 -> 350000
H32: =240*2 -> 480
B33: =B29-B31 -> 5364500

Sheet Sheet16
A1: REKAPAN PENGAJUAN | J1: REKAPAN PENGAJUAN
A2: PER TANGGAL 2 April 2026 | J2: PER TANGGAL 2 April 2026
A3: POSISI KAS SAAT INI | J3: POSISI KAS SAAT INI
C4: Kas Besar (Nisa) | D4: 3112000 | L4: Kas Besar (Nisa) | M4: 3112000
C5: Mandiri Akhmad Jaelani | D5: 296765 | L5: Mandiri Akhmad Jaelani | M5: 296765
C6: Mandiri CBS | D6: 1189810.6 | L6: Mandiri CBS | M6: 1189810.6
C7: BJB CBS | D7: 1146153 | L7: BJB CBS | M7: 1146153
C8: BJB CRS | D8: 3297735.5 | L8: BJB CRS | M8: 3297735.5
C9: BRI CRS | D9: 148357 | L9: BRI CRS | M9: 148357
A11: TOTAL POSISI KAS DAN BANK TGL 2 April 2026 | H11: =SUM(D4:D9) -> 9190821.1 | J11: TOTAL POSISI KAS DAN BANK TGL 2 April 2026 | Q11: =SUM(M4:M9) -> 9190821.1
A12: UMUM | J12: UMUM
A13: TGL | B13: NO KAS | C13: KETERANGAN PENGAJUAN | D13: PENGAJUAN | E13: PENCAIRAN | J13: TGL | K13: NO KAS | L13: KETERANGAN PENGAJUAN | M13: PENGAJUAN | N13: PENCAIRAN
E14: SUDAH | F14: CASH | G14: GIRO | H14: TRANSFER | N14: SUDAH | O14: CASH | P14: GIRO | Q14: TRANSFER
B15: Ku.26.041 | C15: Air Minum | D15: 32000 | K15: Ku.26.041 | L15: Air Minum | M15: 32000
B16: Ku.26.041 | C16: Service Vibrator | D16: 650000 | K16: Ku.26.041 | L16: Service Vibrator | M16: 650000
B17: Ku.26.043 | C17: BPJS Kesehatan | D17: 1193100 | K17: Ku.26.043 | L17: BPJS Kesehatan | M17: 1193100
B18: Ku.26.043 | C18: BPJS TK | D18: 450000 | K18: Ku.26.043 | L18: BPJS TK | M18: 450000
B19: Ku.26.043 | C19: BPJS Pa Bey | D19: 202500 | K19: Ku.26.043 | L19: BPJS Pa Bey | M19: 202500
B20: Ku.26.043 | C20: Iuran Rw | D20: 185000 | K20: Ku.26.043 | L20: Iuran Rw | M20: 185000
B21: Ku.26.043 | C21: Telphone & Internet | D21: 503500 | K21: Ku.26.043 | L21: Telphone & Internet | M21: 503500 | S21: =M21+M20+M22 -> 1192000
B22: Ku.26.043 | C22: Listrik | D22: 503500 | K22: Ku.26.043 | L22: Listrik | M22: 503500
B23: Ku.26.043 | C23: Kebutuhan Kantor | D23: 300000 | K23: Ku.26.043 | L23: Kebutuhan Kantor | M23: 300000
B24: Ku.26.043 | C24: ATK | D24: 150000 | K24: Ku.26.043 | L24: ATK | M24: 150000
C28: JUMLAH PENGAJUAN UMUM | D28: =SUM(D15:D25) -> 4169600 | L28: JUMLAH PENGAJUAN UMUM | M28: =SUM(M15:M25) -> 4169600
C29: Jumlah Yang Belum Dibayar | H29: =+D28 -> 4169600 | L29: Jumlah Yang Belum Dibayar | Q29: =+M28 -> 4169600
A30: TOTAL PENGAJUAN UMUM | E30: =+H29 -> 4169600 | J30: TOTAL PENGAJUAN UMUM | N30: =+Q29 -> 4169600
A31: ALCENT | J31: ALCENT
B32: Kt.26.254 | C32: Upah Tukang Pa Mamat (Pek Italasi Air dan Pasang Handle) Pro SD | D32: 700000 | K32: Kt.26.254 | L32: Upah Tukang Pa Mamat (Pek Italasi Air dan Pasang Handle) Pro SD | M32: 700000
B33: Kt.26.255 | C33: Upah Tukang Pa Mamat (Pek Perbaikan Plafond R. Kls) Pro SMP | D33: 170000 | K33: Kt.26.255 | L33: Upah Tukang Pa Mamat (Pek Perbaikan Plafond R. Kls) Pro SMP | M33: 170000
B34: Kt.26.253 | C34: Pemb Wastafel Portable (A'Adit) Pro SMA | D34: 550000 | K34: Kt.26.253 | L34: Pemb Wastafel Portable (A'Adit) Pro SMA | M34: 550000
B35: Kt.26.256 | C35: Upah Tukang Pa Mamat (Pek Ngeplur Jalan Depan Bekas Galian Kabel & Bocoran Kanopi) SMA | D35: 850000 | K35: Kt.26.256 | L35: Upah Tukang Pa Mamat (Pek Ngeplur Jalan Depan Bekas Galian Kabel & Bocoran Kanopi) SMA | M35: 850000
B36: Kt.26.260 | C36: Upah Tukang Listrik Pa Soni Tgl 21-26 (Pek Perbaikan Kabel Konslet) TK | D36: 300000 | K36: Kt.26.260 | L36: Upah Tukang Listrik Pa Soni Tgl 21-26 (Pek Perbaikan Kabel Konslet) TK | M36: 300000
C47: JUMLAH PENGAJUAN SD,SMP,SMA | D47: =SUM(D32:D46) -> 2570000 | L47: JUMLAH PENGAJUAN SD,SMP,SMA | M47: =SUM(M32:M46) -> 2570000
C48: Jumlah Yang Belum Dibayar | E48: =D47 -> 2570000 | L48: Jumlah Yang Belum Dibayar | N48: =M47 -> 2570000
A49: RT Bu Ani | J49: RT Bu Ani
B50: Kt.26.224 | C50: Upah Tukang RT BU Ani | K50: Kt.26.224 | L50: Upah Tukang RT BU Ani
B51: Kt.26.224 | C51: Air Minum RT Bu Ani | K51: Kt.26.224 | L51: Air Minum RT Bu Ani
C56: JUMLAH PENGAJUAN RT BU Ani | D56: =SUM(D50:D54) -> 0 | E56: 0 | F56: 0 | L56: JUMLAH PENGAJUAN RT BU Ani | M56: =SUM(M50:M54) -> 0 | N56: 0 | O56: 0
C57: Jumlah Yang Belum Dibayar | E57: =D56 -> 0 | L57: Jumlah Yang Belum Dibayar | N57: =M56 -> 0
A58: SMP 13 | J58: SMP 13
B59: Kt.26.257 | C59: Pek Perbakan Lis Plafond (Pa Mamat ) Pro SMP 13 | D59: 32000 | K59: Kt.26.257 | L59: Pek Perbakan Lis Plafond (Pa Mamat ) Pro SMP 13 | M59: 32000
C62: JUMLAH PENGAJUAN SMP 13 | D62: =SUM(D59:D60) -> 32000 | E62: 0 | F62: 0 | L62: JUMLAH PENGAJUAN SMP 13 | M62: =SUM(M59:M60) -> 32000 | N62: 0 | O62: 0
C63: Jumlah Yang Belum Dibayar | E63: =D62 -> 32000 | L63: Jumlah Yang Belum Dibayar | N63: =M62 -> 32000
A64: Sumedang | J64: Sumedang
B65: Kt.26.245 | C65: Pemb Wf 300 & Plat 10 mm Pro Sumedang | D65: 16182000 | K65: Kt.26.245 | L65: Pemb Wf 300 & Plat 10 mm Pro Sumedang | M65: 16182000
B66: Kt.26.251 | C66: Pemb Split,Multi, Baut Wf & Ring Pro Sumedang | D66: =2000000+6750000+10000000+1500000 -> 20250000 | K66: Kt.26.251 | L66: Pemb Split,Multi, Baut Wf & Ring Pro Sumedang | M66: =2000000+6750000+10000000+1500000 -> 20250000
B67: Kt.26.251 | C67: Upah Tukang (6 Org) Pro Sumedang | D67: 4740000 | K67: Kt.26.251 | L67: Upah Tukang (6 Org) Pro Sumedang | M67: 4740000
B68: Kt.26.251 | C68: Pemb Upah (Pa Agus) | D68: 20000000 | K68: Kt.26.251 | L68: Pemb Upah (Pa Agus) | M68: 20000000
B69: Kt.26.251 | C69: Upah Pa Heri Pro Sumedang | D69: 1320000 | K69: Kt.26.251 | L69: Upah Pa Heri Pro Sumedang | M69: 1320000
B70: Kt.26.251 | C70: Upah Pa dedi Pro Sumedang | D70: 900000 | K70: Kt.26.251 | L70: Upah Pa dedi Pro Sumedang | M70: 900000
B71: Kt.26.251 | C71: Upah Pa iwan | D71: 720000 | K71: Kt.26.251 | L71: Upah Pa iwan | M71: 720000
B72: Kt.26.251 | C72: Keamanan Satpam Minggu Ke 7&8 Pro Sumedang | D72: 600000 | K72: Kt.26.251 | L72: Keamanan Satpam Minggu Ke 7&8 Pro Sumedang | M72: 600000
B73: Kt.26.251 | C73: Air Galon Pro Sumedang | D73: 126000 | K73: Kt.26.251 | L73: Air Galon Pro Sumedang | M73: 126000
B74: Kt.26.251 | C74: Pek Perbaikan Strouss Pro Sumedang | D74: 900000 | K74: Kt.26.251 | L74: Pek Perbaikan Strouss Pro Sumedang | M74: 900000
B75: Kt.26.259 | C75: Pemb Matrial (Balok 6x12,Besi,Kawat Beton,dll) Pro Sumedang | D75: 22845000 | K75: Kt.26.259 | L75: Pemb Matrial (Balok 6x12,Besi,Kawat Beton,dll) Pro Sumedang | M75: 22845000
C79: JUMLAH PENGAJUAN Sumedang | D79: =SUM(D65:D77) -> 88583000 | E79: 0 | F79: 0 | L79: JUMLAH PENGAJUAN Sumedang | M79: =SUM(M65:M77) -> 88583000 | N79: 0 | O79: 0
C80: Jumlah Yang Belum Dibayar | E80: =D79 -> 88583000 | L80: Jumlah Yang Belum Dibayar | N80: =M79 -> 88583000
A81: PA Iman | J81: PA Iman
C85: JUMLAH PENGAJUAN Tanggerang | D85: =SUM(D82:D84) -> 0 | E85: 0 | F85: 0 | L85: JUMLAH PENGAJUAN Tanggerang | M85: =SUM(M82:M84) -> 0 | N85: 0 | O85: 0
C86: Jumlah Yang Belum Dibayar | E86: =D85 -> 0 | L86: Jumlah Yang Belum Dibayar | N86: =M85 -> 0
A87: KONTRABON | J87: KONTRABON
C99: JUMLAH PENGAJUAN Kontrabon | D99: =SUM(D88:D98) -> 0 | L99: JUMLAH PENGAJUAN Kontrabon | M99: =SUM(M88:M98) -> 0
C100: Jumlah Yang Belum Dibayar | E100: =D99 -> 0 | L100: Jumlah Yang Belum Dibayar | N100: =M99 -> 0
A101: TAMBAHAN PENGAJUAN | J101: TAMBAHAN PENGAJUAN
K102: Kt.26.266 | L102: Pelunasan Pek Lemari Pro SMA (Pa Kiki) | M102: 3000000
K103: Kt.26.267 | L103: Kasbon Ke 4 Pek Baja (Pa Ade) Pro Sumedang | M103: 15000000 | R103: =M103+M104+M105+M106 -> 16670000
K104: Kt.26.267 | L104: Pelunasan Pek Perbaikan Strouss Pro Sumedang | M104: 900000
K105: Kt.26.267 | L105: Galian Pro Sumedang | M105: 370000
K106: Kt.26.267 | L106: Keamanan Pengawalan Pro Sumedang | M106: 400000
C111: JUMLAH PENGAJUAN | D111: =SUM(D102:D105) -> 0 | E111: 0 | F111: 0 | L111: JUMLAH PENGAJUAN | M111: =SUM(M102:M108) -> 19670000 | N111: 0 | O111: 0
C112: Jumlah Yang Belum Dibayar | E112: =D111 -> 0 | L112: Jumlah Yang Belum Dibayar | N112: =M111 -> 19670000
A113: TOTAL PENGAJUAN KONTRAKTOR | E113: =E48+E57+E100+E112+E80+E86+E63 -> 91185000 | J113: TOTAL PENGAJUAN KONTRAKTOR | N113: =N48+N57+N100+N112+N80+N86+N63 -> 110855000
A114: JUMLAH KESELURUHAN PENGAJUAN | E114: =+E30+E113 -> 95354600 | J114: JUMLAH KESELURUHAN PENGAJUAN | N114: =+N30+N113 -> 115024600
A115: TAMBAHAN PENGAJUAN | J115: TAMBAHAN PENGAJUAN
A121: JUMLAH | D121: =SUM(D116:D120) -> 0 | J121: JUMLAH | M121: =SUM(M116:M120) -> 0
A122: TOTAL | J122: TOTAL
A124: PENCAIRAN | J124: PENCAIRAN
A125: NO | B125: TANGGAL | C125: KETERANGAN | D125: JUMLAH | E125: PARAF | J125: NO | K125: TANGGAL | L125: KETERANGAN | M125: JUMLAH | N125: PARAF
P126: =M104+M105+625000+350000 -> 2245000
P128: =P126-2300000 -> -55000
C131: Jumlah Penerimaan | D131: =SUM(D126:D130) -> 0 | L131: Jumlah Penerimaan | M131: =SUM(M126:M130) -> 0

Sheet Sheet18
A1: PA HERI | C1: Pa Dedi | E1: PA MAMAT | G1: NISA | I1: Pa Uden
A2: Upah Tukang (6 Org) Pro Sumedang | B2: 4740000 | C2: Upah Pa dedi Pro Sumedang | D2: 900000 | E2: Upah Tukang Pa Mamat (Pek Italasi Air dan Pasang Handle) Pro SD | F2: 700000 | G2: Air Minum | H2: 32000
A3: Upah Pa Heri Pro Sumedang | B3: 1320000 | E3: Upah Tukang Pa Mamat (Pek Perbaikan Plafond R. Kls) Pro SMP | F3: 170000 | G3: Service Vibrator | H3: 650000
A4: Upah Pa iwan | B4: 720000 | E4: Upah Tukang Pa Mamat (Pek Ngeplur Jalan Depan Bekas Galian Kabel & Bocoran Kanopi) SMA | F4: 850000 | G4: BPJS Kesehatan | H4: 1193100
A5: Keamanan Satpam Minggu Ke 7&8 Pro Sumedang | B5: 600000 | E5: Pek Perbakan Lis Plafond (Pa Mamat ) Pro SMP 13 | F5: 32000 | G5: BPJS TK | H5: 450000
A6: Air Galon Pro Sumedang | B6: 126000 | G6: BPJS Pa Bey | H6: 202500
A7: Pek Perbaikan Strouss Pro Sumedang | B7: 900000 | G7: Iuran Rw | H7: 185000
A8: Pelunasan Pek Perbaikan Strouss Pro Sumedang | B8: 900000 | G8: Telphone & Internet | H8: 503500
A9: Galian Pro Sumedang | B9: 370000 | G9: Listrik | H9: 503500
A10: Keamanan Pengawalan Pro Sumedang | B10: 400000 | G10: Kebutuhan Kantor | H10: 300000
G11: ATK | H11: 150000
G12: Upah Tukang Listrik Pa Soni Tgl 21-26 (Pek Perbaikan Kabel Konslet) TK | H12: 300000
G13: Pemb Wf 300 & Plat 10 mm Pro Sumedang | H13: 16182000
G14: Pemb Split,Multi, Baut Wf & Ring Pro Sumedang | H14: =2000000+6750000+10000000+1500000 -> 20250000
G15: Pemb Upah (Pa Agus) | H15: 20000000
G16: Pelunasan Pek Lemari Pro SMA (Pa Kiki) | H16: 3000000
G17: Pemb Wastafel Portable (A'Adit) Pro SMA | H17: 550000
G18: Kasbon Ke 4 Pek Baja (Pa Ade) Pro Sumedang | H18: 15000000
G19: Pemb Matrial (Balok 6x12,Besi,Kawat Beton,dll) Pro Sumedang | H19: 22845000
B28: =SUM(B2:B26) -> 10076000 | C28: =SUM(C2:C26) -> 0 | D28: =SUM(D2:D26) -> 900000 | E28: =SUM(E2:E26) -> 0 | F28: =SUM(F2:F26) -> 1752000 | G28: =SUM(G2:G26) -> 0 | H28: =SUM(H2:H26) -> 102296600 | I28: =SUM(I2:I26) -> 0 | J28: =SUM(J2:J26) -> 0 | L28: =SUM(B28:K28) -> 115024600
C29: Kasbon Kantor | L29: =L28-Sheet16!N114 -> 0
A30: Tf Pertama Tgl 6/4 | B30: =8406000-1000000 -> 7406000
B31: =B8+B9+B10 -> 1670000

Sheet Sheet20
A1: REKAPAN PENGAJUAN | J1: REKAPAN PENGAJUAN
A2: PER TANGGAL 10 April 2026 | J2: PER TANGGAL 10 April 2026
A3: POSISI KAS SAAT INI | J3: POSISI KAS SAAT INI
C4: Kas Besar (Nisa) | D4: =40388422 -> 40388422 | L4: Kas Besar (Nisa) | M4: =40388422 -> 40388422
C5: Kas Besar (Brankas) | D5: 199500000 | L5: Kas Besar (Brankas) | M5: 199500000
C6: Mandiri Akhmad Jaelani | D6: 290765 | L6: Mandiri Akhmad Jaelani | M6: 290765
C7: Mandiri CBS | D7: 1189810.6 | L7: Mandiri CBS | M7: 1189810.6
C8: BJB CBS | D8: 1146153 | L8: BJB CBS | M8: 1146153
C9: BJB CRS | D9: 3297735.5 | L9: BJB CRS | M9: 3297735.5
C10: BRI CRS | D10: 148357 | L10: BRI CRS | M10: 148357
A12: TOTAL POSISI KAS DAN BANK TGL 10 April 2026 | H12: =SUM(D4:D10) -> 2.4596124e+08 | J12: TOTAL POSISI KAS DAN BANK TGL 10 April 2026 | Q12: =SUM(M4:M10) -> 2.4596124e+08
A13: UMUM | J13: UMUM
A14: TGL | B14: NO KAS | C14: KETERANGAN PENGAJUAN | D14: PENGAJUAN | E14: PENCAIRAN | J14: TGL | K14: NO KAS | L14: KETERANGAN PENGAJUAN | M14: PENGAJUAN | N14: PENCAIRAN
E15: SUDAH | F15: CASH | G15: GIRO | H15: TRANSFER | N15: SUDAH | O15: CASH | P15: GIRO | Q15: TRANSFER
B16: Ku.26.047 | C16: SSD (512 GB) A Adit | D16: 1300000 | K16: Ku.26.047 | L16: SSD (512 GB) A Adit | M16: 1300000
B17: Ku.26.047 | C17: Service Priner Epson L300 | D17: 100000 | K17: Ku.26.047 | L17: Service Priner Epson L300 | M17: 100000
C29: JUMLAH PENGAJUAN UMUM | D29: =SUM(D16:D26) -> 1400000 | L29: JUMLAH PENGAJUAN UMUM | M29: =SUM(M16:M26) -> 1400000
C30: Jumlah Yang Belum Dibayar | H30: =+D29 -> 1400000 | L30: Jumlah Yang Belum Dibayar | Q30: =+M29 -> 1400000
A31: TOTAL PENGAJUAN UMUM | E31: =+H30 -> 1400000 | J31: TOTAL PENGAJUAN UMUM | N31: =+Q30 -> 1400000
A32: ALCENT | J32: ALCENT
B33: Kt.26.281 | C33: Upah Tukang Listrik Pa Soni Tgl 9/4 (Pek Ganti Lampu dan Pasang Dakting) Pro Tk | D33: 150000 | K33: Kt.26.281 | L33: Upah Tukang Listrik Pa Soni Tgl 9/4 (Pek Ganti Lampu dan Pasang Dakting) Pro Tk | M33: 150000
B34: Kt.26.281 | C34: Upah Tukang Pa Mamat (Pek Italasi air & Pembersihan tempat wudhu) Pro TK | D34: 1330000 | K34: Kt.26.281 | L34: Upah Tukang Pa Mamat (Pek Italasi air & Pembersihan tempat wudhu) Pro TK | M34: 1330000
B35: Kt.26.282 | C35: Upah Tukang Listrik Pa Soni Tgl 6/4 (Pek Perbaikan lampu Rm dan Pengecekan Rm) Pro SD | D35: 300000 | K35: Kt.26.282 | L35: Upah Tukang Listrik Pa Soni Tgl 6/4 (Pek Perbaikan lampu Rm dan Pengecekan Rm) Pro SD | M35: 300000
B36: Kt.26.277 | C36: BBM & Parkir Pro SMA | D36: 115000 | K36: Kt.26.277 | L36: BBM & Parkir Pro SMA | M36: 115000
B37: Kt.26.277 | C37: Pemb Floordrain Pro SMA | D37: 155000 | K37: Kt.26.277 | L37: Pemb Floordrain Pro SMA | M37: 155000
B38: Kt.26.283 | C38: Upah Tukang Pa Mamat (Pek Italasi Air Area Daycare & Pentry) Pro SMA | D38: 1060000 | K38: Kt.26.283 | L38: Upah Tukang Pa Mamat (Pek Italasi Air Area Daycare & Pantry) Pro SMA | M38: 1060000
B39: Kt.26.283 | C39: Upah Pa Dedi Pro SMA | D39: 150000 | K39: Kt.26.283 | L39: Upah Pa Dedi Pro SMA | M39: 150000
B40: Kt.26.283 | C40: Bon Matrial (pemb Sdd,Keni) Talangan Pa Mamat Pro SMA | D40: 45000 | K40: Kt.26.283 | L40: Bon Matrial (pemb Sdd,Keni) Talangan Pa Mamat Pro SMA | M40: 45000
B41: Kt.26.287 | C41: Pek Rangka Meja Pantry & Perbaikan Relling Stainles (Pa Karsana) Pro SMA | D41: 1500000 | K41: Kt.26.287 | L41: Pek Rangka Meja Pantry & Perbaikan Relling Stainles (Pa Karsana) Pro SMA | M41: 1500000
B42: Kt.26.287 | C42: Pek Perbaikan Roda Tiang Badminton (Pa Karsana) Pro SMA | D42: 340000 | K42: Kt.26.287 | L42: Pek Perbaikan Roda Tiang Badminton (Pa Karsana) Pro SMA | M42: 340000
C48: JUMLAH PENGAJUAN SD,SMP,SMA | D48: =SUM(D33:D47) -> 5145000 | L48: JUMLAH PENGAJUAN SD,SMP,SMA | M48: =SUM(M33:M47) -> 5145000
C49: Jumlah Yang Belum Dibayar | E49: =D48 -> 5145000 | L49: Jumlah Yang Belum Dibayar | N49: =M48 -> 5145000
A50: RT Bu Ani | J50: RT Bu Ani
B51: Kt.26.224 | C51: Upah Tukang RT BU Ani | K51: Kt.26.224 | L51: Upah Tukang RT BU Ani
B52: Kt.26.224 | C52: Air Minum RT Bu Ani | K52: Kt.26.224 | L52: Air Minum RT Bu Ani
C57: JUMLAH PENGAJUAN RT BU Ani | D57: =SUM(D51:D55) -> 0 | E57: 0 | F57: 0 | L57: JUMLAH PENGAJUAN RT BU Ani | M57: =SUM(M51:M55) -> 0 | N57: 0 | O57: 0
C58: Jumlah Yang Belum Dibayar | E58: =D57 -> 0 | L58: Jumlah Yang Belum Dibayar | N58: =M57 -> 0
A59: SMP 13 | J59: SMP 13
B60: Kt.26.257 | C60: Pek Perbakan Lis Plafond (Pa Mamat ) Pro SMP 13 | K60: Kt.26.257 | L60: Pek Perbakan Lis Plafond (Pa Mamat ) Pro SMP 13
C63: JUMLAH PENGAJUAN SMP 13 | D63: =SUM(D60:D61) -> 0 | E63: 0 | F63: 0 | L63: JUMLAH PENGAJUAN SMP 13 | M63: =SUM(M60:M61) -> 0 | N63: 0 | O63: 0
C64: Jumlah Yang Belum Dibayar | E64: =D63 -> 0 | L64: Jumlah Yang Belum Dibayar | N64: =M63 -> 0
A65: Sumedang | J65: Sumedang
B66: Kt.26.274 | C66: Pemb Pasir,Split,Semen Pro Sumedang | D66: 24320000 | K66: Kt.26.274 | L66: Pemb Pasir,Split,Semen Pro Sumedang | M66: 23000000
B67: Kt.26.284 | C67: Upah Tukang (8 Org) Pro Sumedang | D67: 5365000 | K67: Kt.26.284 | L67: Upah Tukang (8 Org) Pro Sumedang | M67: 5365000
B68: Kt.26.284 | C68: Pemb Upah (Pa Agus) | D68: 30000000 | K68: Kt.26.284 | L68: Pemb Upah (Pa Agus) | M68: 30000000
B69: Kt.26.284 | C69: Upah Pa Heri Pro Sumedang | D69: 1540000 | K69: Kt.26.284 | L69: Upah Pa Heri Pro Sumedang | M69: 1540000
B70: Kt.26.284 | C70: Upah Pa dedi Pro Sumedang | D70: 900000 | K70: Kt.26.284 | L70: Upah Pa dedi Pro Sumedang | M70: 900000
B71: Kt.26.284 | C71: Upah Pa iwan | D71: 720000 | K71: Kt.26.284 | L71: Upah Pa iwan | M71: 720000
B72: Kt.26.284 | C72: Keamanan Satpam Minggu Ke 7&8 Pro Sumedang | D72: 300000 | K72: Kt.26.284 | L72: Keamanan Satpam Minggu Ke 7&8 Pro Sumedang | M72: 300000
B73: Kt.26.284 | C73: Pek Perbaikan Strouss Pro Sumedang (R.Dek Kolam) | D73: 1500000 | K73: Kt.26.284 | L73: Pek Perbaikan Strouss Pro Sumedang (R.Dek Kolam) | M73: 1500000
B74: Kt.26.285 | C74: Pemb Plat 10 & Wf 250 Pro Sumedang | D74: =3000000+67200000 -> 70200000 | K74: Kt.26.285 | L74: Pemb Plat 10 & Wf 250 Pro Sumedang | M74: =3000000+67200000 -> 70200000
C80: JUMLAH PENGAJUAN Sumedang | D80: =SUM(D66:D78) -> 134845000 | E80: 0 | F80: 0 | L80: JUMLAH PENGAJUAN Sumedang | M80: =SUM(M66:M78) -> 133525000 | N80: 0 | O80: 0
C81: Jumlah Yang Belum Dibayar | E81: =D80 -> 134845000 | L81: Jumlah Yang Belum Dibayar | N81: =M80 -> 133525000
A82: PA Iman | J82: PA Iman
C86: JUMLAH PENGAJUAN Tanggerang | D86: =SUM(D83:D85) -> 0 | E86: 0 | F86: 0 | L86: JUMLAH PENGAJUAN Tanggerang | M86: =SUM(M83:M85) -> 0 | N86: 0 | O86: 0
C87: Jumlah Yang Belum Dibayar | E87: =D86 -> 0 | L87: Jumlah Yang Belum Dibayar | N87: =M86 -> 0
A88: KONTRABON | J88: KONTRABON
B89: Kt.26.286 | C89: Kontrabon Restulogam Tgl 7/4 (Pemb Cat) Pro Sumedang | D89: 1700000 | K89: Kt.26.286 | L89: Kontrabon Restulogam Tgl 7/4 (Pemb Cat) Pro Sumedang
B90: Kt.26.286 | C90: Parkir | D90: 5000 | K90: Kt.26.286 | L90: Parkir
C100: JUMLAH PENGAJUAN Kontrabon | D100: =SUM(D89:D99) -> 1705000 | L100: JUMLAH PENGAJUAN Kontrabon | M100: =SUM(M89:M99) -> 0
C101: Jumlah Yang Belum Dibayar | E101: =D100 -> 1705000 | L101: Jumlah Yang Belum Dibayar | N101: =M100 -> 0
A102: TAMBAHAN PENGAJUAN | J102: TAMBAHAN PENGAJUAN
C112: JUMLAH PENGAJUAN | D112: =SUM(D103:D106) -> 0 | E112: 0 | F112: 0 | L112: JUMLAH PENGAJUAN | M112: =SUM(M103:M106) -> 0 | N112: 0 | O112: 0
C113: Jumlah Yang Belum Dibayar | E113: =D112 -> 0 | L113: Jumlah Yang Belum Dibayar | N113: =M112 -> 0
A114: TOTAL PENGAJUAN KONTRAKTOR | E114: =E49+E58+E101+E113+E81+E87+E64 -> 141695000 | J114: TOTAL PENGAJUAN KONTRAKTOR | N114: =N49+N58+N101+N113+N81+N87+N64 -> 138670000
A115: JUMLAH KESELURUHAN PENGAJUAN | E115: =+E31+E114 -> 143095000 | J115: JUMLAH KESELURUHAN PENGAJUAN | N115: =+N31+N114 -> 140070000
A116: TAMBAHAN PENGAJUAN | J116: TAMBAHAN PENGAJUAN
A122: JUMLAH | D122: =SUM(D117:D121) -> 0 | J122: JUMLAH | M122: =SUM(M117:M121) -> 0
A123: TOTAL | J123: TOTAL
A125: PENCAIRAN | J125: PENCAIRAN
A126: NO | B126: TANGGAL | C126: KETERANGAN | D126: JUMLAH | E126: PARAF | J126: NO | K126: TANGGAL | L126: KETERANGAN | M126: JUMLAH | N126: PARAF
C132: Jumlah Penerimaan | D132: =SUM(D127:D131) -> 0 | L132: Jumlah Penerimaan | M132: =SUM(M127:M131) -> 0

Sheet Sheet21
A1: PA HERI | C1: Pa Dedi | E1: PA MAMAT | G1: NISA | I1: Pa Uden
A2: Pemb Floordrain Pro SMA | B2: 155000 | C2: BBM & Parkir Pro SMA | D2: 115000 | E2: Upah Tukang Pa Mamat (Pek Italasi air & Pembersihan tempat wudhu) Pro TK | F2: 1330000 | G2: SSD (512 GB) A Adit | H2: 1300000
A3: Pemb Pasir,Split,Semen Pro Sumedang | B3: 23000000 | C3: Upah Pa Dedi Pro SMA | D3: 150000 | E3: Upah Tukang Pa Mamat (Pek Italasi Air Area Daycare & Pentry) Pro SMA | F3: 1060000 | G3: Service Priner Epson L300 | H3: 100000
A4: Upah Tukang (8 Org) Pro Sumedang | B4: 5365000 | C4: Parkir | D4: 5000 | E4: Bon Matrial (pemb Sdd,Keni) Talangan Pa Mamat Pro SMA | F4: 45000 | G4: Upah Tukang Listrik Pa Soni Tgl 6/4 (Pek Ganti Lamu dan Pasang Dakting) Pro Tk | H4: 150000
A5: Upah Pa Heri Pro Sumedang | B5: 1540000 | C5: Upah Pa dedi Pro Sumedang | D5: 900000 | G5: Upah Tukang Listrik Pa Soni Tgl 6/4 (Pek Perbaikan lampu Rm dan Pengecekan Rm) Pro SD | H5: 300000
A6: Keamanan Satpam Minggu Ke 9 Pro Sumedang | B6: 300000 | G6: Pek Rangka Meja Pantry & Perbaikan Relling Stainles (Pa Karsana) Pro SMA | H6: 1500000
A7: Pek Perbaikan Strouss Pro Sumedang (R.Dek Kolam) | B7: 1500000 | G7: Pek Perbaikan Roda Tiang Badminton (Pa Karsana) Pro SMA | H7: 340000
G8: Pemb Upah (Pa Agus) | H8: 30000000
G9: Upah Pa iwan | H9: 720000
G10: Pemb Plat 10 & Wf 250 Pro Sumedang | H10: 70200000
G11: Kontrabon Restulogam Tgl 7/4 (Pemb Cat) Pro Sumedang
B28: =SUM(B2:B26) -> 31860000 | C28: =SUM(C2:C26) -> 0 | D28: =SUM(D2:D26) -> 1170000 | E28: =SUM(E2:E26) -> 0 | F28: =SUM(F2:F26) -> 2435000 | G28: =SUM(G2:G26) -> 0 | H28: =SUM(H2:H26) -> 104610000 | I28: =SUM(I2:I26) -> 0 | J28: =SUM(J2:J26) -> 0 | L28: =SUM(B28:K28) -> 140075000
C29: Kasbon Kantor | D29: 100000 | L29: =L28-Sheet20!N115 -> 5000
D30: =D28-D29 -> 1070000

Sheet Sheet22
A1: REKAPAN PENGAJUAN | J1: REKAPAN PENGAJUAN
A2: PER TANGGAL 16 April 2026 | J2: PER TANGGAL 16 April 2026
A3: POSISI KAS SAAT INI | J3: POSISI KAS SAAT INI
C4: Kas Besar (Nisa) | D4: 0 | L4: Kas Besar (Nisa) | M4: 0
C5: Kas Besar (Brankas) | L5: Kas Besar (Brankas)
C6: Mandiri Akhmad Jaelani | D6: 290765 | L6: Mandiri Akhmad Jaelani | M6: 290765
C7: Mandiri CBS | D7: 1189810.6 | L7: Mandiri CBS | M7: 1189810.6
C8: BJB CBS | D8: 1146153 | L8: BJB CBS | M8: 1146153
C9: BJB CRS | D9: 3297735.5 | L9: BJB CRS | M9: 3297735.5
C10: BRI CRS | L10: BRI CRS
A12: TOTAL POSISI KAS DAN BANK TGL 16 April 2026 | H12: =SUM(D4:D10) -> 5924464.1 | J12: TOTAL POSISI KAS DAN BANK TGL 16 April 2026 | Q12: =SUM(M4:M10) -> 5924464.1
A13: UMUM | J13: UMUM
A14: TGL | B14: NO KAS | C14: KETERANGAN PENGAJUAN | D14: PENGAJUAN | E14: PENCAIRAN | J14: TGL | K14: NO KAS | L14: KETERANGAN PENGAJUAN | M14: PENGAJUAN | N14: PENCAIRAN
E15: SUDAH | F15: CASH | G15: GIRO | H15: TRANSFER | N15: SUDAH | O15: CASH | P15: GIRO | Q15: TRANSFER
B16: Ku.26.051 | C16: Pajak Tahunan CRS | D16: 189990 | J16: 46129 | K16: Ku.26.051 | L16: Pajak Tahunan CRS | M16: 189990
B17: Ku.26.051 | C17: Service Motor Jupiter | D17: 300000 | J17: 46129 | K17: Ku.26.051 | L17: Service Motor Jupiter | M17: 300000
B18: Ku.26.051 | C18: Air Minum | D18: 32000 | J18: 46129 | K18: Ku.26.051 | L18: Air Minum | M18: 32000
B19: Ku.26.051 | C19: BBM Beli Snack | D19: 20000 | J19: 46129 | K19: Ku.26.051 | L19: BBM Beli Snack | M19: 20000
C29: JUMLAH PENGAJUAN UMUM | D29: =SUM(D16:D26) -> 541990 | L29: JUMLAH PENGAJUAN UMUM | M29: =SUM(M16:M26) -> 541990
C30: Jumlah Yang Belum Dibayar | H30: =+D29 -> 541990 | L30: Jumlah Yang Belum Dibayar | Q30: =+M29 -> 541990
A31: TOTAL PENGAJUAN UMUM | E31: =+H30 -> 541990 | J31: TOTAL PENGAJUAN UMUM | N31: =+Q30 -> 541990
A32: ALCENT | J32: ALCENT
B33: Kt.26.302 | C33: Upah Tukang Pa Mamat (Pek Tempat Wudhu) Pro TK | D33: 150000 | J33: 46129 | K33: Kt.26.302 | L33: Upah Tukang Pa Mamat (Pek Tempat Wudhu) Pro TK | M33: 150000
B34: Kt.26.302 | C34: Upah Pa Dedi Pro TK | D34: 150000 | J34: 46129 | K34: Kt.26.302 | L34: Upah Pa Dedi Pro TK | M34: 150000
B35: Kt.26.303 | C35: Pek Ranga Kanopi (Pa Karsana) Pro SD | D35: 200000 | J35: 46129 | K35: Kt.26.303 | L35: Pek Ranga Kanopi (Pa Karsana) Pro SD | M35: 200000
B36: Kt.26.307 | C36: Upah Tukang Pa Mamat (Pek Bocoran talang depan R. It,Area Dapur & Musola) Pro SD | D36: 200000 | J36: 46129 | K36: Kt.26.307 | L36: Upah Tukang Pa Mamat (Pek Bocoran talang depan R. It,Area Dapur & Musola) Pro SD | M36: 200000
B37: Kt.26.308 | C37: Upah Tukang Pa Mamat (Pek bocoran Talang Area Aula,Pasang Krmik R Kls,dll) Pro SMP | D37: 1393000 | J37: 46129 | K37: Kt.26.304 | L37: Pek Perbaikan Roda Gerbang (Pa Karsana) Pro SMP | M37: 720000
B38: Kt.26.309 | C38: Upah Tukang Pa Mamat (Pek Pasang Pipa Area Samping & Pasang Wastafel Are Day Care) Pro SMA | D38: 649000 | J38: 46129 | K38: Kt.26.308 | L38: Upah Tukang Pa Mamat (Pek bocoran Talang Area Aula,Pasang Krmik R Kls,dll) Pro SMP | M38: 1393000
B39: Kt.26.310 | C39: Pemb Matrial (Seng Talang,Karpet Talang,Gipsum,dll) Pro SMP | D39: 1115000 | J39: 46129 | K39: Kt.26.309 | L39: Upah Tukang Pa Mamat (Pek Pasang Pipa Area Samping & Pasang Wastafel Are Day Care) Pro SMA | M39: 649000
J40: 46129 | K40: Kt.26.310 | L40: Pemb Matrial (Seng Talang,Karpet Talang,Gipsum,dll) Pro SMP | M40: 1115000
C48: JUMLAH PENGAJUAN SD,SMP,SMA | D48: =SUM(D33:D47) -> 3857000 | L48: JUMLAH PENGAJUAN SD,SMP,SMA | M48: =SUM(M33:M47) -> 4577000
C49: Jumlah Yang Belum Dibayar | E49: =D48 -> 3857000 | L49: Jumlah Yang Belum Dibayar | N49: =M48 -> 4577000
A50: RT Bu Ani | J50: RT Bu Ani
B51: Kt.26.224 | C51: Upah Tukang RT BU Ani | K51: Kt.26.224 | L51: Upah Tukang RT BU Ani
B52: Kt.26.224 | C52: Air Minum RT Bu Ani | K52: Kt.26.224 | L52: Air Minum RT Bu Ani
C57: JUMLAH PENGAJUAN RT BU Ani | D57: =SUM(D51:D55) -> 0 | E57: 0 | F57: 0 | L57: JUMLAH PENGAJUAN RT BU Ani | M57: =SUM(M51:M55) -> 0 | N57: 0 | O57: 0
C58: Jumlah Yang Belum Dibayar | E58: =D57 -> 0 | L58: Jumlah Yang Belum Dibayar | N58: =M57 -> 0
A59: SMP 13 | J59: SMP 13
B60: Kt.26.257 | C60: Pek Perbakan Lis Plafond (Pa Mamat ) Pro SMP 13 | K60: Kt.26.257 | L60: Pek Perbakan Lis Plafond (Pa Mamat ) Pro SMP 13
C63: JUMLAH PENGAJUAN SMP 13 | D63: =SUM(D60:D61) -> 0 | E63: 0 | F63: 0 | L63: JUMLAH PENGAJUAN SMP 13 | M63: =SUM(M60:M61) -> 0 | N63: 0 | O63: 0
C64: Jumlah Yang Belum Dibayar | E64: =D63 -> 0 | L64: Jumlah Yang Belum Dibayar | N64: =M63 -> 0
A65: Sumedang | J65: Sumedang
B66: Kt.26.298 | C66: BBM & E-Tol (Bawa Barang 2x Pulang Pergi) Pro Sumedang | D66: 400000 | J66: 46129 | K66: Kt.26.298 | L66: BBM & E-Tol (Bawa Barang 2x Pulang Pergi) Pro Sumedang | M66: 400000
B67: Kt.26.205 | C67: Pemb Matrial (Pemb Pasir,Split,Cat dll) Pro Sumedang | D67: 22570000 | J67: 46129 | K67: Kt.26.205 | L67: Pemb Matrial (Pemb Pasir,Split,Cat dll) Pro Sumedang
B68: Kt.26.306 | C68: Upah Tukang (8 Orng) Pro Sumedang | D68: 6635000 | J68: 46129 | K68: Kt.26.306 | L68: Upah Tukang (8 Orng) Pro Sumedang | M68: 6635000
B69: Kt.26.306 | C69: Cash Bon Ke-10 PA Agus Pro Sumedang | D69: 30000000 | J69: 46129 | K69: Kt.26.306 | L69: Cash Bon Ke-10 PA Agus Pro Sumedang
B70: Kt.26.306 | C70: Cash Bon Ke-5 PA Ade Baja Pro Sumedang | D70: 50000000 | J70: 46129 | K70: Kt.26.306 | L70: Cash Bon Ke-5 PA Ade Baja Pro Sumedang
B71: Kt.26.306 | C71: Upah Pa Heri Pro Sumedang | D71: 1540000 | J71: 46129 | K71: Kt.26.306 | L71: Upah Pa Heri Pro Sumedang | M71: 1540000
B72: Kt.26.306 | C72: Upah Pa dedi Pro Sumedang | D72: 900000 | J72: 46129 | K72: Kt.26.306 | L72: Upah Pa dedi Pro Sumedang | M72: 900000
B73: Kt.26.306 | C73: Keamanan Satpam Minggu Ke 10 pro Sumedang | D73: 300000 | J73: 46129 | K73: Kt.26.306 | L73: Keamanan Satpam Minggu Ke 10 pro Sumedang | M73: 300000
B74: Kt.26.306 | C74: Keamanan Babinsa pro Sumedang | D74: 1500000 | J74: 46129 | K74: Kt.26.306 | L74: Keamanan Babinsa pro Sumedang | M74: 1500000
B75: Kt.26.306 | C75: Kontrakan kantor Bln Ke 3 Pro Sumedang | D75: 500000 | J75: 46129 | K75: Kt.26.306 | L75: Kontrakan kantor Bln Ke 3 Pro Sumedang | M75: 500000
B76: Kt.26.306 | C76: Kontrakan Pa Agus Bln Ke 3 Pro Sumedang | D76: 600000 | J76: 46129 | K76: Kt.26.306 | L76: Kontrakan Pa Agus Bln Ke 3 Pro Sumedang | M76: 600000
B77: Kt.26.306 | C77: Kontrakan 1 Pemb Ke 2 (Untuk 2 Bln) Pro Sumedang | D77: 1000000 | J77: 46129 | K77: Kt.26.306 | L77: Kontrakan 1 Pemb Ke 2 (Untuk 2 Bln) Pro Sumedang | M77: 1000000
B78: Kt.26.306 | C78: Uang Makan Cor 3x Pro Sumedang | D78: 2250000 | J78: 46129 | K78: Kt.26.306 | L78: Uang Makan Cor 3x Pro Sumedang | M78: 2250000
B79: Kt.26.306 | C79: Listrik Pro Sumedang | D79: 5808539 | J79: 46129 | K79: Kt.26.306 | L79: Listrik Pro Sumedang | M79: 5808539
C81: JUMLAH PENGAJUAN Sumedang | D81: =SUM(D66:D79) -> 124003539 | E81: 0 | F81: 0 | L81: JUMLAH PENGAJUAN Sumedang | M81: =SUM(M66:M79) -> 21433539 | N81: 0 | O81: 0
C82: Jumlah Yang Belum Dibayar | E82: =D81 -> 124003539 | L82: Jumlah Yang Belum Dibayar | N82: =M81 -> 21433539
A83: PA Iman | J83: PA Iman
C87: JUMLAH PENGAJUAN Tanggerang | D87: =SUM(D84:D86) -> 0 | E87: 0 | F87: 0 | L87: JUMLAH PENGAJUAN Tanggerang | M87: =SUM(M84:M86) -> 0 | N87: 0 | O87: 0
C88: Jumlah Yang Belum Dibayar | E88: =D87 -> 0 | L88: Jumlah Yang Belum Dibayar | N88: =M87 -> 0
A89: KONTRABON | J89: KONTRABON | U89: 115000
B90: Kt.26.286 | C90: Kontrabon Restulogam Tgl 7/4 (Pemb Cat) Pro Sumedang | D90: 1700000 | J90: 46129 | K90: Kt.26.286 | L90: Kontrabon Restulogam Tgl 7/4 (Pemb Cat) Pro Sumedang | M90: 1700000 | U90: =750000 -> 750000
B91: Kt.26.288 | C91: Kontrabon Restulogam Tgl 11/4 (Pemb Semen,Floordrain,Pipa,Knie,dll) Pro TK | D91: 942500 | J91: 46129 | K91: Kt.26.288 | L91: Kontrabon Restulogam Tgl 11/4 (Pemb Semen,Floordrain,Pipa,Knie,dll) Pro TK | M91: 942500
B92: Kt.26.289 | C92: Kontrabon Restulogam Tgl 11/4 (pemb Aquapoof,Serat,Dempul,dll) Pro SMP | D92: 389500 | J92: 46129 | K92: Kt.26.289 | L92: Kontrabon Restulogam Tgl 11/4 (pemb Aquapoof,Serat,Dempul,dll) Pro SMP | M92: 389500
B93: Kt.26.290 | C93: Kontrabon Restulogam Tgl 11/4 (Pemb Cleam Pipa,Serat) Pro SMA | D93: 130000 | J93: 46129 | K93: Kt.26.290 | L93: Kontrabon Restulogam Tgl 11/4 (Pemb Cleam Pipa,Serat) Pro SMA | M93: 130000
B94: Kt.26.299 | C94: Kontrabon Restulogam Tgl 10/4 (Pemb Tee drat,CO) Pro TK | D94: 175000 | J94: 46129 | K94: Kt.26.299 | L94: Kontrabon Restulogam Tgl 10/4 (Pemb Tee drat,CO) Pro TK | M94: 175000
B95: Kt.26.301 | C95: Kontrabon Restulogam Tgl 11/4 (Pemb Co Stanles) Pro SD | D95: 150000 | J95: 46129 | K95: Kt.26.301 | L95: Kontrabon Restulogam Tgl 11/4 (Pemb Co Stanles) Pro SD | M95: 150000
C101: JUMLAH PENGAJUAN Kontrabon | D101: =SUM(D90:D100) -> 3487000 | L101: JUMLAH PENGAJUAN Kontrabon | M101: =SUM(M90:M100) -> 3487000
C102: Jumlah Yang Belum Dibayar | E102: =D101 -> 3487000 | L102: Jumlah Yang Belum Dibayar | N102: =M101 -> 3487000
A103: TAMBAHAN PENGAJUAN | J103: TAMBAHAN PENGAJUAN
C113: JUMLAH PENGAJUAN | D113: =SUM(D104:D107) -> 0 | E113: 0 | F113: 0 | L113: JUMLAH PENGAJUAN | M113: =SUM(M104:M107) -> 0 | N113: 0 | O113: 0
C114: Jumlah Yang Belum Dibayar | E114: =D113 -> 0 | L114: Jumlah Yang Belum Dibayar | N114: =M113 -> 0
A115: TOTAL PENGAJUAN KONTRAKTOR | E115: =E49+E58+E102+E114+E82+E88+E64 -> 131347539 | J115: TOTAL PENGAJUAN KONTRAKTOR | N115: =N49+N58+N102+N114+N82+N88+N64 -> 29497539
A116: JUMLAH KESELURUHAN PENGAJUAN | E116: =+E31+E115 -> 131889529 | J116: JUMLAH KESELURUHAN PENGAJUAN | N116: =+N31+N115 -> 30039529
A117: TAMBAHAN PENGAJUAN | J117: TAMBAHAN PENGAJUAN
A123: JUMLAH | D123: =SUM(D118:D122) -> 0 | J123: JUMLAH | M123: =SUM(M118:M122) -> 0
A124: TOTAL | J124: TOTAL
A126: PENCAIRAN | J126: PENCAIRAN
A127: NO | B127: TANGGAL | C127: KETERANGAN | D127: JUMLAH | E127: PARAF | J127: NO | K127: TANGGAL | L127: KETERANGAN | M127: JUMLAH | N127: PARAF
L128: Kas Besar (Brankas) | M128: 32000000
C133: Jumlah Penerimaan | D133: =SUM(D128:D132) -> 0 | L133: Jumlah Penerimaan | M133: =SUM(M128:M132) -> 32000000 | N133: =M133-N116 -> 1960471

Sheet Sheet23
A1: PA HERI | C1: Pa Dedi | E1: PA MAMAT | G1: NISA | I1: Pa Uden
A2: Upah Tukang (8 Orng) Pro Sumedang | B2: 6635000 | C2: Upah Pa Dedi Pro TK | D2: 150000 | E2: Upah Tukang Pa Mamat (Pek Tempat Wudhu) Pro TK | F2: 150000 | G2: Kontrabon Restulogam Tgl 7/4 (Pemb Cat) Pro Sumedang | H2: 1700000 | I2: Pajak Tahunan CRS | J2: 189990
A3: Upah Pa Heri Pro Sumedang | B3: 1540000 | C3: Upah Pa dedi Pro Sumedang | D3: 900000 | E3: Upah Tukang Pa Mamat (Pek Bocoran talang depan R. It,Area Dapur & Musola) Pro SD | F3: 200000 | G3: Kontrabon Restulogam Tgl 11/4 (Pemb Semen,Floordrain,Pipa,Knie,dll) Pro TK | H3: 942500 | I3: Service Motor Jupiter | J3: 300000
A4: Keamanan Satpam Minggu Ke 10 pro Sumedang | B4: 300000 | E4: Upah Tukang Pa Mamat (Pek bocoran Talang Area Aula,Pasang Krmik R Kls,dll) Pro SMP | F4: 1393000 | G4: Kontrabon Restulogam Tgl 11/4 (pemb Aquapoof,Serat,Dempul,dll) Pro SMP | H4: 389500 | I4: Air Minum | J4: 32000
A5: Keamanan Babinsa pro Sumedang | B5: 1500000 | E5: Upah Tukang Pa Mamat (Pek Pasang Pipa Area Samping & Pasang Wastafel Are Day Care) Pro SMA | F5: 649000 | G5: Kontrabon Restulogam Tgl 11/4 (Pemb Cleam Pipa,Serat) Pro SMA | H5: 130000 | I5: BBM Beli Snack | J5: 20000
A6: Kontrakan kantor Bln Ke 3 Pro Sumedang | B6: 500000 | G6: Kontrabon Restulogam Tgl 10/4 (Pemb Tee drat,CO) Pro TK | H6: 175000 | I6: BBM & E-Tol (Bawa Barang 2x Pulang Pergi) Pro Sumedang | J6: 400000
A7: Kontrakan Pa Agus Bln Ke 3 Pro Sumedang | B7: 600000 | G7: Kontrabon Restulogam Tgl 11/4 (Pemb Co Stanles) Pro SD | H7: 150000 | I7: Pemb Matrial (Seng Talang,Karpet Talang,Gipsum,dll) Pro SMP | J7: 1115000
A8: Kontrakan 1 Pemb Ke 2 (Untuk 2 Bln) Pro Sumedang | B8: 1000000 | G8: Pek Perbaikan Roda Gerbang (Pa Karsana) Pro SMP | H8: 720000
A9: Uang Makan Cor 3x Pro Sumedang | B9: 2250000 | G9: Pek Ranga Kanopi (Pa Karsana) Pro SD | H9: 200000
A10: Listrik Pro Sumedang | B10: 5808539
B28: =SUM(B2:B26) -> 20133539 | C28: =SUM(C2:C26) -> 0 | D28: =SUM(D2:D26) -> 1050000 | E28: =SUM(E2:E26) -> 0 | F28: =SUM(F2:F26) -> 2392000 | G28: =SUM(G2:G26) -> 0 | H28: =SUM(H2:H26) -> 4407000 | I28: =SUM(I2:I26) -> 0 | J28: =SUM(J2:J26) -> 2056990 | L28: =SUM(B28:K28) -> 30039529
C29: Kasbon Kantor | D29: 100000 | L29: =L28-Sheet22!N116 -> 0
A30: Tf pertama untuk listrik | B30: 5800000 | C30: Kasbon Ke Th Nisa | D30: 100000 | F30: =5000000-F28-J28 -> 551010
A31: Sisa | B31: =B28-B30 -> 14333539
D32: =D28-D29-D30 -> 850000
A36: Pemb Matrial (Pemb Pasir,Split,Cat dll) Pro Sumedang | B36: =22570000-2000000-2010000-200000 -> 18360000
A37: Cash Bon Ke-10 PA Agus Pro Sumedang | B37: 30000000
A38: Cash Bon Ke-5 PA Ade Baja Pro Sumedang | B38: 50000000
B39: =SUM(B36:B38) -> 98360000

Sheet Sheet24
A1: REKAPAN PENGAJUAN | J1: REKAPAN PENGAJUAN
A2: PER TANGGAL 23 April 2026 | J2: PER TANGGAL 23 April 2026
A3: POSISI KAS SAAT INI | J3: POSISI KAS SAAT INI
C4: Kas Besar (Nisa) | D4: 100687293 | L4: Kas Besar (Nisa) | M4: 100687293
C5: Kas Besar (Brankas) | L5: Kas Besar (Brankas)
C6: Mandiri Akhmad Jaelani | D6: 290765 | L6: Mandiri Akhmad Jaelani | M6: 290765
C7: Mandiri CBS | D7: 1189810.6 | L7: Mandiri CBS | M7: 1189810.6
C8: BJB CBS | D8: 1146153 | L8: BJB CBS | M8: 1146153
C9: BJB CRS | D9: 3297735.5 | L9: BJB CRS | M9: 3297735.5
C10: BRI CRS | D10: 17000000 | L10: BRI CRS | M10: 17000000
A12: TOTAL POSISI KAS DAN BANK TGL 23 April 2026 | H12: =SUM(D4:D10) -> 1.2361176e+08 | J12: TOTAL POSISI KAS DAN BANK TGL 23 April 2026 | Q12: =SUM(M4:M10) -> 1.2361176e+08
A13: UMUM | J13: UMUM
A14: TGL | B14: NO KAS | C14: KETERANGAN PENGAJUAN | D14: PENGAJUAN | E14: PENCAIRAN | J14: TGL | K14: NO KAS | L14: KETERANGAN PENGAJUAN | M14: PENGAJUAN | N14: PENCAIRAN
E15: SUDAH | F15: CASH | G15: GIRO | H15: TRANSFER | N15: SUDAH | O15: CASH | P15: GIRO | Q15: TRANSFER
B16: Ku.26.054 | C16: ATK (Pemb Bantek) | D16: 100000 | K16: Ku.26.054 | L16: ATK (Pemb Bantek) | M16: 100000
B17: Ku.26.054 | C17: Kresek Sampah | D17: 100000 | K17: Ku.26.054 | L17: Kresek Sampah | M17: 100000
B18: Ku.26.054 | C18: Kebutuhan Pa Dedi | D18: 150000 | K18: Ku.26.054 | L18: Kebutuhan Pa Dedi | M18: 150000
C29: JUMLAH PENGAJUAN UMUM | D29: =SUM(D16:D26) -> 350000 | L29: JUMLAH PENGAJUAN UMUM | M29: =SUM(M16:M26) -> 350000
C30: Jumlah Yang Belum Dibayar | H30: =+D29 -> 350000 | L30: Jumlah Yang Belum Dibayar | Q30: =+M29 -> 350000
A31: TOTAL PENGAJUAN UMUM | E31: =+H30 -> 350000 | J31: TOTAL PENGAJUAN UMUM | N31: =+Q30 -> 350000
A32: ALCENT | J32: ALCENT
B33: Kt.26.318 | C33: DP Pek Perbaikan Pintu Toilet Pro SMP (Pa Fadli) | D33: 1500000 | K33: Kt.26.318 | L33: DP Pek Perbaikan Pintu Toilet Pro SMP (Pa Fadli) | M33: 1500000
B34: Kt.26.318 | C34: Upah pa Mamat (Pek Perbaikan Toilet) Pro SMP | D34: 125000 | K34: Kt.26.318 | L34: Upah pa Mamat (Pek Perbaikan Toilet) Pro SMP | M34: 125000
B35: Kt.26.320 | C35: Upah Tukang Pa Mamat (Pek Bocoran Kanopi & Perbaikan Pipa) Pro SMA | D35: 170000 | K35: Kt.26.320 | L35: Upah Tukang Pa Mamat (Pek Bocoran Kanopi & Perbaikan Pipa) Pro SMA | M35: 170000
B36: Kt.26.320 | C36: Upah Pa Dedi Pro SMA | D36: 150000 | K36: Kt.26.320 | L36: Upah Pa Dedi Pro SMA | M36: 150000
B37: Kt.26.321 | C37: Sewa Scaffolding Pro SMA | D37: 207000 | K37: Kt.26.321 | L37: Sewa Scaffolding Pro SMA | M37: 207000
S38: =M37+M63+M75 -> 1525000
C48: JUMLAH PENGAJUAN SD,SMP,SMA | D48: =SUM(D33:D47) -> 2152000 | L48: JUMLAH PENGAJUAN SD,SMP,SMA | M48: =SUM(M33:M47) -> 2152000
C49: Jumlah Yang Belum Dibayar | E49: =D48 -> 2152000 | L49: Jumlah Yang Belum Dibayar | N49: =M48 -> 2152000
A50: RT Bu Ani | J50: RT Bu Ani
B51: Kt.26.224 | C51: Upah Tukang RT BU Ani | K51: Kt.26.224 | L51: Upah Tukang RT BU Ani
B52: Kt.26.224 | C52: Air Minum RT Bu Ani | K52: Kt.26.224 | L52: Air Minum RT Bu Ani
C57: JUMLAH PENGAJUAN RT BU Ani | D57: =SUM(D51:D55) -> 0 | E57: 0 | F57: 0 | L57: JUMLAH PENGAJUAN RT BU Ani | M57: =SUM(M51:M55) -> 0 | N57: 0 | O57: 0
C58: Jumlah Yang Belum Dibayar | E58: =D57 -> 0 | L58: Jumlah Yang Belum Dibayar | N58: =M57 -> 0
A59: Tanggerang & Jl Gitar | J59: Tanggerang & Jl Gitar
B60: Kt.26.322 | C60: Upah Tukang Pek Perbaikan Pro Tanggerang | D60: 244000 | K60: Kt.26.322 | L60: Upah Tukang Pek Perbaikan Pro Tanggerang | M60: 244000
B61: Kt.26.322 | C61: Upah Pa Dedi + Lemburan Pro Tanggeang | D61: 230000 | K61: Kt.26.322 | L61: Upah Lemburan Pek Perbaikan Pro Tanggeang | M61: 230000
B62: Kt.26.322 | C62: SPJ Ke Tanggerang Tgl 25/4 | D62: 750000 | K62: Kt.26.322 | L62: SPJ Ke Tanggerang Tgl 25/4 | M62: 750000
B63: Kt.26.323 | C63: Sewa Scaffolding Pro Jl Gitar | D63: 268000 | K63: Kt.26.323 | L63: Sewa Scaffolding Pro Jl Gitar | M63: 268000
C64: JUMLAH PENGAJUAN Tanggerang & Jl Gitar | D64: =SUM(D60:D63) -> 1492000 | E64: 0 | F64: 0 | L64: JUMLAH PENGAJUAN Tanggerang & Jl Gitar | M64: =SUM(M60:M63) -> 1492000 | N64: 0 | O64: 0
C65: Jumlah Yang Belum Dibayar | E65: =D64 -> 1492000 | L65: Jumlah Yang Belum Dibayar | N65: =M64 -> 1492000
A66: Sumedang | J66: Sumedang
B67: Kt.26.324 | C67: Pemb Matrial (Pemb Plat 10 & 8,Pasir,Bambu,dll) Pro Sumedang | D67: =14160000 -> 14160000 | K67: Kt.26.324 | L67: Pemb Matrial (Pemb Plat 10 & 8,Pasir,Bambu,dll) Pro Sumedang | M67: =14160000 -> 14160000
B68: Kt.26.325 | C68: Pemb Baja WF & H-Beam Pro Sumedang | D68: 110800000 | K68: Kt.26.325 | L68: Pemb Baja WF & H-Beam Pro Sumedang | M68: 110800000
B69: Kt.26.326 | C69: Upah Tukang (9 Orng) Pro Sumedang | D69: 6575000 | K69: Kt.26.326 | L69: Upah Tukang (9 Orng) Pro Sumedang | M69: 6575000
B70: Kt.26.326 | C70: Cash Bon Ke-10 PA Agus Pro Sumedang | D70: 30000000 | K70: Kt.26.326 | L70: Cash Bon Ke-10 PA Agus Pro Sumedang | M70: 30000000
B71: Kt.26.326 | C71: Cash Bon Ke-5 PA Ade Baja Pro Sumedang | K71: Kt.26.326 | L71: Cash Bon Ke-5 PA Ade Baja Pro Sumedang
B72: Kt.26.326 | C72: Upah Pa Heri Pro Sumedang | D72: 1540000 | K72: Kt.26.326 | L72: Upah Pa Heri Pro Sumedang | M72: 1540000
B73: Kt.26.326 | C73: Upah Pa dedi Pro Sumedang | D73: 600000 | K73: Kt.26.326 | L73: Upah Pa dedi Pro Sumedang | M73: 600000
B74: Kt.26.326 | C74: Keamanan Satpam Minggu Ke 10 pro Sumedang | D74: 300000 | K74: Kt.26.326 | L74: Keamanan Satpam Minggu Ke 11 pro Sumedang | M74: 300000
B75: Kt.26.327 | C75: Sewa Scaffolding Pro Sumedang | D75: 1050000 | K75: Kt.26.327 | L75: Sewa Scaffolding Pro Sumedang | M75: 1050000
C82: JUMLAH PENGAJUAN Sumedang | D82: =SUM(D67:D80) -> 165025000 | E82: 0 | F82: 0 | L82: JUMLAH PENGAJUAN Sumedang | M82: =SUM(M67:M80) -> 165025000 | N82: 0 | O82: 0
C83: Jumlah Yang Belum Dibayar | E83: =D82 -> 165025000 | L83: Jumlah Yang Belum Dibayar | N83: =M82 -> 165025000
A84: PA Iman | J84: PA Iman
C88: JUMLAH PENGAJUAN Tanggerang | D88: =SUM(D85:D87) -> 0 | E88: 0 | F88: 0 | L88: JUMLAH PENGAJUAN Tanggerang | M88: =SUM(M85:M87) -> 0 | N88: 0 | O88: 0
C89: Jumlah Yang Belum Dibayar | E89: =D88 -> 0 | L89: Jumlah Yang Belum Dibayar | N89: =M88 -> 0
A90: KONTRABON | J90: KONTRABON
B91: Kt.26.328 | C91: Kontrabon Sejahtera Tgl 17/4 (Pemb NYM 3x6) Pro Sumedang | D91: 2465000 | K91: Kt.26.328 | L91: Kontrabon Sejahtera Tgl 17/4 (Pemb NYM 3x6) Pro Sumedang | M91: 2465000
B92: Kt.26.328 | C92: Kontrabon Restulogam Tgl 21/4 (Pemb Benang,Kikir,dll) Pro Sumedang | D92: 205000 | K92: Kt.26.328 | L92: Kontrabon Restulogam Tgl 21/4 (Pemb Benang,Kikir,dll) Pro Sumedang | M92: 205000
B93: Kt.26.329 | C93: Kontrabon Sejahtera Tgl 21/4 (Pemb Tee Dus,Dus Inbow,dll) RT Bu Ani | D93: 114000 | K93: Kt.26.329 | L93: Kontrabon Sejahtera Tgl 21/4 (Pemb Tee Dus,Dus Inbow,dll) RT Bu Ani | M93: 114000
B94: Kt.26.329 | C94: Kontrabon Restulogam Tgl 21/4 (Pemb Cleam Pipa,Serat) Pro RT Bu Ani | D94: 145000 | K94: Kt.26.329 | L94: Kontrabon Restulogam Tgl 21/4 (Pemb Cleam Pipa,Serat) Pro RT Bu Ani | M94: 145000
C102: JUMLAH PENGAJUAN Kontrabon | D102: =SUM(D91:D101) -> 2929000 | L102: JUMLAH PENGAJUAN Kontrabon | M102: =SUM(M91:M101) -> 2929000
C103: Jumlah Yang Belum Dibayar | E103: =D102 -> 2929000 | L103: Jumlah Yang Belum Dibayar | N103: =M102 -> 2929000
A104: TAMBAHAN PENGAJUAN | J104: TAMBAHAN PENGAJUAN
C114: JUMLAH PENGAJUAN | D114: =SUM(D105:D108) -> 0 | E114: 0 | F114: 0 | L114: JUMLAH PENGAJUAN | M114: =SUM(M105:M108) -> 0 | N114: 0 | O114: 0
C115: Jumlah Yang Belum Dibayar | E115: =D114 -> 0 | L115: Jumlah Yang Belum Dibayar | N115: =M114 -> 0
A116: TOTAL PENGAJUAN KONTRAKTOR | E116: =E49+E58+E103+E115+E83+E89+E65 -> 171598000 | J116: TOTAL PENGAJUAN KONTRAKTOR | N116: =N49+N58+N103+N115+N83+N89+N65 -> 171598000
A117: JUMLAH KESELURUHAN PENGAJUAN | E117: =+E31+E116 -> 171948000 | J117: JUMLAH KESELURUHAN PENGAJUAN | N117: =+N31+N116 -> 171948000
A118: TAMBAHAN PENGAJUAN | J118: TAMBAHAN PENGAJUAN
A124: JUMLAH | D124: =SUM(D119:D123) -> 0 | J124: JUMLAH | M124: =SUM(M119:M123) -> 0
A125: TOTAL | J125: TOTAL
A127: PENCAIRAN | J127: PENCAIRAN
A128: NO | B128: TANGGAL | C128: KETERANGAN | D128: JUMLAH | E128: PARAF | J128: NO | K128: TANGGAL | L128: KETERANGAN | M128: JUMLAH | N128: PARAF
L129: Kas Besar Brankas | M129: 100000000
L130: Kas Besar Th Nisa | M130: 71500000
C134: Jumlah Penerimaan | D134: =SUM(D129:D133) -> 0 | L134: Jumlah Penerimaan | M134: =SUM(M129:M133) -> 171500000

Sheet Sheet25
A1: PA HERI | C1: Pa Dedi | E1: PA MAMAT | G1: NISA | I1: Pa Uden
A2: Pemb Matrial (Pemb Plat 10 & 8,Pasir,Bambu,dll) Pro Sumedang | B2: 14160000 | C2: Upah Pa Dedi Pro SMA | D2: 150000 | E2: Upah pa Mamat (Pek Perbaikan Toilet) Pro SMP | F2: 125000 | G2: Kebutuhan Pa Dedi | H2: 150000 | I2: ATK (Pemb Bantek) | J2: 100000
A3: Upah Tukang (9 Orng) Pro Sumedang | B3: 6575000 | C3: Upah Pa Dedi + Lemburan Pro Tanggeang | D3: 230000 | E3: Upah Tukang Pa Mamat (Pek Bocoran Kanopi & Perbaikan Pipa) Pro SMA | F3: 170000 | G3: DP Pek Perbaikan Pintu Toilet Pro SMP (Pa Fadli) | H3: 1500000 | I3: Kresek Sampah | J3: 100000
A4: Upah Pa Heri Pro Sumedang | B4: 1540000 | C4: SPJ Ke Tanggerang Tgl 25/4 | D4: 750000 | E4: Upah Tukang Pek Perbaikan Pro Tanggerang | F4: 244000 | G4: Sewa Scaffolding Pro SMA | H4: 207000
A5: Keamanan Satpam Minggu Ke 10 pro Sumedang | B5: 300000 | C5: Upah Pa dedi Pro Sumedang | D5: 600000 | G5: Sewa Scaffolding Pro Jl Gitar | H5: 268000
G6: Pemb Baja WF & H-Beam Pro Sumedang | H6: 110800000
G7: Cash Bon Ke-10 PA Agus Pro Sumedang | H7: 30000000
G8: Sewa Scaffolding Pro Sumedang | H8: 1050000
G9: Kontrabon Sejahtera Tgl 17/4 (Pemb NYM 3x6) Pro Sumedang | H9: 2465000
G10: Kontrabon Restulogam Tgl 21/4 (Pemb Benang,Kikir,dll) Pro Sumedang | H10: 205000
G11: Kontrabon Sejahtera Tgl 21/4 (Pemb Tee Dus,Dus Inbow,dll) RT Bu Ani | H11: 114000
G12: Kontrabon Restulogam Tgl 21/4 (Pemb Cleam Pipa,Serat) Pro RT Bu Ani | H12: 145000
B28: =SUM(B2:B26) -> 22575000 | C28: =SUM(C2:C26) -> 0 | D28: =SUM(D2:D26) -> 1730000 | E28: =SUM(E2:E26) -> 0 | F28: =SUM(F2:F26) -> 539000 | G28: =SUM(G2:G26) -> 0 | H28: =SUM(H2:H26) -> 146904000 | I28: =SUM(I2:I26) -> 0 | J28: =SUM(J2:J26) -> 200000 | L28: =SUM(B28:K28) -> 171948000
C29: Kasbon Kantor | D29: 100000 | L29: =L28-Sheet24!N117 -> 0
D30: =D28-D29 -> 1630000
C32: TF | D32: 800000
C33: Cash | D33: =D30-D32 -> 830000

Sheet Sheet26
A1: REKAPAN PENGAJUAN | J1: REKAPAN PENGAJUAN
A2: PER TANGGAL 29 April 2026 | J2: PER TANGGAL 29 April 2026
A3: POSISI KAS SAAT INI | J3: POSISI KAS SAAT INI
C4: Kas Besar (Nisa) | D4: =308030293-100000000 -> 208030293 | L4: Kas Besar (Nisa) | M4: =308030293-100000000 -> 208030293
C5: Kas Besar (Brankas) | D5: 100000000 | L5: Kas Besar (Brankas) | M5: 100000000
C6: Mandiri Akhmad Jaelani | D6: 290765 | L6: Mandiri Akhmad Jaelani | M6: 290765
C7: Mandiri CBS | D7: 1189810.6 | L7: Mandiri CBS | M7: 1189810.6
C8: BJB CBS | D8: 1146153 | L8: BJB CBS | M8: 1146153
C9: BJB CRS | D9: 3297735.5 | L9: BJB CRS | M9: 3297735.5
C10: BRI CRS | D10: 17000000 | L10: BRI CRS | M10: 17000000
A12: TOTAL POSISI KAS DAN BANK TGL 29 April 2026 | H12: =SUM(D4:D10) -> 3.3095476e+08 | J12: TOTAL POSISI KAS DAN BANK TGL 29 April 2026 | Q12: =SUM(M4:M10) -> 3.3095476e+08
A13: UMUM | J13: UMUM
A14: TGL | B14: NO KAS | C14: KETERANGAN PENGAJUAN | D14: PENGAJUAN | E14: PENCAIRAN | J14: TGL | K14: NO KAS | L14: KETERANGAN PENGAJUAN | M14: PENGAJUAN | N14: PENCAIRAN
E15: SUDAH | F15: CASH | G15: GIRO | H15: TRANSFER | N15: SUDAH | O15: CASH | P15: GIRO | Q15: TRANSFER
B16: Ku.26.056 | C16: Air Minum | D16: 48000 | J16: 46142 | K16: Ku.26.056 | L16: Air Minum | M16: 48000
B17: Ku.26.056 | C17: Kebutuhan Kantor | D17: 350000 | J17: 46142 | K17: Ku.26.056 | L17: Kebutuhan Kantor | M17: 350000
B18: Ku.26.056 | C18: Iuran Rw | D18: 185000 | J18: 46142 | K18: Ku.26.056 | L18: Iuran Rw | M18: 185000
B19: Ku.26.056 | C19: BPJS Kesehatan | D19: 1194312 | J19: 46142 | K19: Ku.26.056 | L19: BPJS Kesehatan
B20: Ku.26.056 | C20: BPJS TK | D20: 450000 | J20: 46142 | K20: Ku.26.056 | L20: BPJS TK
B21: Ku.26.056 | C21: BPJS Pa Bey | D21: 202500 | J21: 46142 | K21: Ku.26.056 | L21: BPJS Pa Bey | M21: 202500
B22: Ku.26.056 | C22: Telphone & Internet | D22: 503500 | J22: 46142 | K22: Ku.26.056 | L22: Telphone & Internet
B23: Ku.26.056 | C23: Listrik | D23: 503500 | J23: 46142 | K23: Ku.26.056 | L23: Listrik | M23: 503500
B24: Ku.26.056 | C24: Ganti Ban Motor Beat (A Adit) | D24: 350000 | J24: 46142 | K24: Ku.26.056 | L24: Ganti Ban Motor Beat (A Adit) | M24: 350000
B25: Ku.26.056 | C25: Tinta Printer Hp K209 | D25: 250000 | J25: 46142 | K25: Ku.26.056 | L25: Tinta Printer Hp K209 | M25: 250000
C29: JUMLAH PENGAJUAN UMUM | D29: =SUM(D16:D26) -> 4036812 | L29: JUMLAH PENGAJUAN UMUM | M29: =SUM(M16:M26) -> 1889000
C30: Jumlah Yang Belum Dibayar | H30: =+D29 -> 4036812 | L30: Jumlah Yang Belum Dibayar | Q30: =+M29 -> 1889000
A31: TOTAL PENGAJUAN UMUM | E31: =+H30 -> 4036812 | J31: TOTAL PENGAJUAN UMUM | N31: =+Q30 -> 1889000
A32: ALCENT | J32: ALCENT
B33: Kt.26.338 | C33: Upah Tukang Pa Mamat (Pek Perubahan Tampat Wudhu & Bocoran Canopy) Pro TK | D33: 810000 | J33: 46142 | K33: Kt.26.338 | L33: Upah Tukang Pa Mamat (Pek Perubahan Tampat Wudhu & Bocoran Canopy) Pro TK | M33: 810000
B34: Kt.26.338 | C34: Pemb Matrial Pro TK | D34: 955000 | J34: 46142 | K34: Kt.26.338 | L34: Pemb Matrial Pro TK | M34: 955000
B35: Kt.26.339 | C35: Upah Tukang Pa mamat (Pek Perbaikan Closet & Bocoran R. Guru) Pro SMA | D35: 170000 | J35: 46142 | K35: Kt.26.339 | L35: Upah Tukang Pa mamat (Pek Perbaikan Closet & Bocoran R. Guru) Pro SMA | M35: 170000
B36: Kt.26.339 | C36: Pemb Matrial Pro SMA | D36: 100000 | J36: 46142 | K36: Kt.26.339 | L36: Pemb Matrial Pro SMA | M36: 100000
C49: JUMLAH PENGAJUAN SD,SMP,SMA | D49: =SUM(D33:D48) -> 2035000 | L49: JUMLAH PENGAJUAN SD,SMP,SMA | M49: =SUM(M33:M48) -> 2035000
C50: Jumlah Yang Belum Dibayar | E50: =D49 -> 2035000 | L50: Jumlah Yang Belum Dibayar | N50: =M49 -> 2035000
A51: RT Bu Ani | J51: RT Bu Ani
B52: Kt.26.337 | C52: Upah Tukang (Pa Iwan & Pa Ono) RT Bu Ani | D52: =120000+160000 -> 280000 | J52: 46142 | K52: Kt.26.337 | L52: Upah Tukang (Pa Iwan & Pa Ono) RT Bu Ani | M52: =120000+160000 -> 280000
C54: JUMLAH PENGAJUAN RT BU Ani | D54: =SUM(D52:D53) -> 280000 | E54: 0 | F54: 0 | L54: JUMLAH PENGAJUAN RT BU Ani | M54: =SUM(M52:M53) -> 280000 | N54: 0 | O54: 0
C55: Jumlah Yang Belum Dibayar | E55: =D54 -> 280000 | L55: Jumlah Yang Belum Dibayar | N55: =M54 -> 280000
A56: Darul Ulum | J56: Darul Ulum
B57: Kt.26.340 | C57: Upah Tukang Pa Mamat (Pek Tutup Lubang Tikus Area Dak & Toren pake ram nyamuk) Darul ulum | D57: 420000 | J57: 46142 | K57: Kt.26.340 | L57: Upah Tukang Pa Mamat (Pek Tutup Lubang Tikus Area Dak & Toren pake ram nyamuk) Darul ulum | M57: 420000
B58: Kt.26.340 | C58: Pemb Matrial Darul Ulum | D58: 625000 | J58: 46142 | K58: Kt.26.340 | L58: Pemb Matrial Darul Ulum | M58: 625000
C61: JUMLAH PENGAJUAN Darul Ulum | D61: =SUM(D57:D60) -> 1045000 | E61: 0 | F61: 0 | L61: JUMLAH PENGAJUAN Darul Ulum | M61: =SUM(M57:M60) -> 1045000 | N61: 0 | O61: 0
C62: Jumlah Yang Belum Dibayar | E62: =D61 -> 1045000 | L62: Jumlah Yang Belum Dibayar | N62: =M61 -> 1045000
A63: Sumedang | J63: Sumedang
B64: Kt.26.335 | C64: Pemb Matrial (Pemb Split,H- Beam, Plat) Pro Sumedang | D64: 26824000 | J64: 46142 | K64: Kt.26.335 | L64: Pemb Matrial (Pemb Split,H- Beam, Plat) Pro Sumedang | M64: 26824000 | T64: =W35=M64-3000000 -> FALSE
B65: Kt.26.336 | C65: Upah Tukang (8 Orng) Pro Sumedang | D65: 4505000 | J65: 46142 | K65: Kt.26.336 | L65: Upah Tukang (8 Orng) Pro Sumedang | M65: 4505000
B66: Kt.26.336 | C66: Cash Bon Ke-10 PA Agus Pro Sumedang | D66: 20000000 | J66: 46142 | K66: Kt.26.336 | L66: Cash Bon Ke-10 PA Agus Pro Sumedang | M66: 20000000
B67: Kt.26.336 | C67: Cash Bon Ke-5 PA Ade Baja Pro Sumedang | D67: 50000000 | J67: 46142 | K67: Kt.26.336 | L67: Cash Bon Ke-5 PA Ade Baja Pro Sumedang | M67: 50000000
B68: Kt.26.336 | C68: Upah Pa Heri Pro Sumedang | D68: 1320000 | J68: 46142 | K68: Kt.26.336 | L68: Upah Pa Heri Pro Sumedang | M68: 1320000
B69: Kt.26.336 | C69: Upah Pa dedi Pro Sumedang | D69: 1200000 | J69: 46142 | K69: Kt.26.336 | L69: Upah Pa dedi Pro Sumedang | M69: 1200000
B70: Kt.26.336 | C70: Keamanan Satpam Minggu Ke 12 pro Sumedang | D70: 300000 | J70: 46142 | K70: Kt.26.336 | L70: Keamanan Satpam Minggu Ke 12 pro Sumedang | M70: 300000
B71: Kt.26.336 | C71: BBM & E-Tol (Bawa Roster dan rangka molen) Pro Sumedang | D71: 250000 | J71: 46142 | K71: Kt.26.336 | L71: BBM & E-Tol (Bawa Roster dan rangka molen) Pro Sumedang | M71: 250000
B72: Kt.26.336 | C72: Keamanan Danrawil Pro Sumedang | D72: 500000 | J72: 46142 | K72: Kt.26.336 | L72: Keamanan Danrawil Pro Sumedang | M72: 500000
C79: JUMLAH PENGAJUAN Sumedang | D79: =SUM(D64:D77) -> 104899000 | E79: 0 | F79: 0 | L79: JUMLAH PENGAJUAN Sumedang | M79: =SUM(M64:M77) -> 104899000 | N79: 0 | O79: 0
C80: Jumlah Yang Belum Dibayar | E80: =D79 -> 104899000 | L80: Jumlah Yang Belum Dibayar | N80: =M79 -> 104899000
A81: PA Iman | J81: PA Iman
C85: JUMLAH PENGAJUAN Tanggerang | D85: =SUM(D82:D84) -> 0 | E85: 0 | F85: 0 | L85: JUMLAH PENGAJUAN Tanggerang | M85: =SUM(M82:M84) -> 0 | N85: 0 | O85: 0
C86: Jumlah Yang Belum Dibayar | E86: =D85 -> 0 | L86: Jumlah Yang Belum Dibayar | N86: =M85 -> 0
A87: KONTRABON | J87: KONTRABON
C99: JUMLAH PENGAJUAN Kontrabon | D99: =SUM(D88:D98) -> 0 | L99: JUMLAH PENGAJUAN Kontrabon | M99: =SUM(M88:M98) -> 0
C100: Jumlah Yang Belum Dibayar | E100: =D99 -> 0 | L100: Jumlah Yang Belum Dibayar | N100: =M99 -> 0
A101: TAMBAHAN PENGAJUAN | J101: TAMBAHAN PENGAJUAN
J102: 46142 | K102: Kt.26.342 | L102: Pek Perbaikan lantai kayu Multimedia Pro SMA (Pa Kiki) | M102: 700000
C111: JUMLAH PENGAJUAN | D111: =SUM(D102:D105) -> 0 | E111: 0 | F111: 0 | L111: JUMLAH PENGAJUAN | M111: =SUM(M102:M105) -> 700000 | N111: 0 | O111: 0
C112: Jumlah Yang Belum Dibayar | E112: =D111 -> 0 | L112: Jumlah Yang Belum Dibayar | N112: =M111 -> 700000
A113: TOTAL PENGAJUAN KONTRAKTOR | E113: =E50+E55+E100+E112+E80+E86+E62 -> 108259000 | J113: TOTAL PENGAJUAN KONTRAKTOR | N113: =N50+N55+N100+N112+N80+N86+N62 -> 108959000
A114: JUMLAH KESELURUHAN PENGAJUAN | E114: =+E31+E113 -> 112295812 | J114: JUMLAH KESELURUHAN PENGAJUAN | N114: =+N31+N113 -> 110848000
A115: TAMBAHAN PENGAJUAN | J115: TAMBAHAN PENGAJUAN
A121: JUMLAH | D121: =SUM(D116:D120) -> 0 | J121: JUMLAH | M121: =SUM(M116:M120) -> 0
A122: TOTAL | J122: TOTAL
A124: PENCAIRAN | J124: PENCAIRAN
A125: NO | B125: TANGGAL | C125: KETERANGAN | D125: JUMLAH | E125: PARAF | J125: NO | K125: TANGGAL | L125: KETERANGAN | M125: JUMLAH | N125: PARAF
L126: Kas Besar Nisa | M126: 110847000
C131: Jumlah Penerimaan | D131: =SUM(D126:D130) -> 0 | L131: Jumlah Penerimaan | M131: =SUM(M126:M130) -> 110847000
L132: Kurang | M132: =M131-N114 -> -1000

Sheet Sheet27
A1: PA HERI | C1: Pa Dedi | E1: PA MAMAT | G1: NISA | I1: Pa Uden
A2: Upah Tukang (Pa Iwan & Pa Ono) RT Bu Ani | B2: =120000+160000 -> 280000 | C2: Upah Pa dedi Pro Sumedang | D2: 1200000 | E2: Upah Tukang Pa Mamat (Pek Perubahan Tampat Wudhu & Bocoran Canopy) Pro TK | F2: 810000 | G2: Kebutuhan Kantor | H2: 350000 | I2: Air Minum | J2: 48000
A3: Upah Tukang (8 Orng) Pro Sumedang | B3: 4505000 | C3: BBM & E-Tol (Bawa Roster dan rangka molen) Pro Sumedang | E3: Upah Tukang Pa mamat (Pek Perbaikan Closet & Bocoran R. Guru) Pro SMA | F3: 170000 | G3: Iuran Rw | H3: 185000 | I3: Tinta Printer Hp K209 | J3: 250000
A4: Upah Pa Heri Pro Sumedang | B4: 1320000 | E4: Upah Tukang Pa Mamat (Pek Tutup Lubang Tikus Area Dak & Toren pake ram nyamuk) Darul ulum | F4: 420000 | G4: BPJS Pa Bey | H4: 202500
A5: Keamanan Satpam Minggu Ke 12 pro Sumedang | B5: 300000 | G5: Listrik | H5: 503500
A6: Keamanan Danrawil Pro Sumedang | B6: 500000 | G6: Ganti Ban Motor Beat (A Adit) | H6: 350000
G7: Pemb Matrial Pro TK | H7: 955000
G8: Pemb Matrial Pro SMA | H8: 100000
G9: Pemb Matrial Darul Ulum | H9: 625000
G10: Pemb Matrial (Pemb Split,H- Beam, Plat) Pro Sumedang | H10: 26824000
G11: Cash Bon Ke-10 PA Agus Pro Sumedang | H11: 20000000
G12: Cash Bon Ke-5 PA Ade Baja Pro Sumedang | H12: 50000000
G13: Pek Perbaikan lantai kayu Multimedia Pro SMA (Pa Kiki) | H13: 700000
B28: =SUM(B2:B26) -> 6905000 | C28: =SUM(C2:C26) -> 0 | D28: =SUM(D2:D26) -> 1200000 | E28: =SUM(E2:E26) -> 0 | F28: =SUM(F2:F26) -> 1400000 | G28: =SUM(G2:G26) -> 0 | H28: =SUM(H2:H26) -> 100795000 | I28: =SUM(I2:I26) -> 0 | J28: =SUM(J2:J26) -> 298000 | L28: =SUM(B28:K28) -> 110598000
C29: Kasbon Kantor | D29: 100000 | L29: =L28-Sheet26!N114 -> -250000
C30: Kasbon Uang SPJ | D30: 141000
D32: =D28-D29-D30 -> 959000

Sheet Sheet28
A1: REKAPAN PENGAJUAN | J1: REKAPAN PENGAJUAN
A2: PER TANGGAL 8 Mei 2026 | J2: PER TANGGAL 8 Mei 2026
A3: POSISI KAS SAAT INI | J3: POSISI KAS SAAT INI
C4: Kas Besar (Nisa) | D4: - | L4: Kas Besar (Nisa) | M4: -
C5: Kas Besar (Brankas) | L5: Kas Besar (Brankas)
C6: Mandiri Akhmad Jaelani | D6: 290765 | L6: Mandiri Akhmad Jaelani | M6: 290765
C7: Mandiri CBS | D7: 1189810.6 | L7: Mandiri CBS | M7: 1189810.6
C8: BJB CBS | D8: 1146153 | L8: BJB CBS | M8: 1146153
C9: BJB CRS | D9: 3297735.5 | L9: BJB CRS | M9: 3297735.5
C10: BRI CRS | D10: 17000000 | L10: BRI CRS | M10: 17000000
A12: TOTAL POSISI KAS DAN BANK TGL 8 Mei 2026 | H12: =SUM(D4:D10) -> 22924464 | J12: TOTAL POSISI KAS DAN BANK TGL 8 Mei 2026 | Q12: =SUM(M4:M10) -> 22924464
A13: UMUM | J13: UMUM
A14: TGL | B14: NO KAS | C14: KETERANGAN PENGAJUAN | D14: PENGAJUAN | E14: PENCAIRAN | J14: TGL | K14: NO KAS | L14: KETERANGAN PENGAJUAN | M14: PENGAJUAN | N14: PENCAIRAN
E15: SUDAH | F15: CASH | G15: GIRO | H15: TRANSFER | N15: SUDAH | O15: CASH | P15: GIRO | Q15: TRANSFER
B16: Ku.26.056 | C16: BPJS Kesehatan | D16: 1194312 | K16: Ku.26.056 | L16: BPJS Kesehatan | M16: 1194312
B17: Ku.26.056 | C17: BPJS TK | D17: 450000 | K17: Ku.26.056 | L17: BPJS TK | M17: 450000
B18: Ku.26.056 | C18: Listrik | D18: 503500 | K18: Ku.26.056 | L18: Listrik | M18: 503500
B19: Ku.26. | C19: Pek Bongkar Pasang Outdor dan Perbaikan Instalasi Pipa Pa kosim (apartemen Pa Edy) | D19: 1750000 | K19: Ku.26. | L19: Pek Bongkar Pasang Outdor dan Perbaikan Instalasi Pipa Pa kosim (apartemen Pa Edy) | M19: 1750000
C29: JUMLAH PENGAJUAN UMUM | D29: =SUM(D16:D26) -> 3897812 | L29: JUMLAH PENGAJUAN UMUM | M29: =SUM(M16:M26) -> 3897812
C30: Jumlah Yang Belum Dibayar | H30: =+D29 -> 3897812 | L30: Jumlah Yang Belum Dibayar | Q30: =+M29 -> 3897812
A31: TOTAL PENGAJUAN UMUM | E31: =+H30 -> 3897812 | J31: TOTAL PENGAJUAN UMUM | N31: =+Q30 -> 3897812
A32: ALCENT | J32: ALCENT
B33: Kt.26.357 | C33: Upah Tukang Pa Mamat (Pek Pasang Kramik & cat Dinding) Pro TK | D33: 242000 | K33: Kt.26.357 | L33: Upah Tukang Pa Mamat (Pek Pasang Kramik & cat Dinding) Pro TK | M33: 242000
B34: Kt.26.357 | C34: Upah Pa Dedi Pro TK | D34: 150000 | K34: Kt.26.357 | L34: Upah Pa Dedi Pro TK | M34: 150000
B35: Kt.26.357 | C35: Upah Pa Iwan Pro Tk | D35: 120000 | K35: Kt.26.357 | L35: Upah Pa Iwan Pro Tk | M35: 120000
B36: Kt.26.357 | C36: Bon Matrial Talangan Pa Mamat (Pemb Knie) Pro TK | D36: 34000 | K36: Kt.26.357 | L36: Bon Matrial Talangan Pa Mamat (Pemb Knie) Pro TK | M36: 34000
B37: Kt.26.358 | C37: Upah Tukang Pa Mamat (Pek Bocoran ) Pro SMP | D37: 202000 | K37: Kt.26.358 | L37: Upah Tukang Pa Mamat (Pek Bocoran ) Pro SMP | M37: 202000
B38: Kt.26.359 | C38: Upah Tukang Pa Mamat (Pek Bocoran R. konsul) Pro SMA | D38: 420000 | K38: Kt.26.359 | L38: Upah Tukang Pa Mamat (Pek Bocoran R. konsul) Pro SMA | M38: 420000
B39: Kt.26.359 | C39: Pemb Matrial (Tombol Flush) Pro SMA | D39: 200000 | K39: Kt.26.359 | L39: Pemb Matrial (Tombol Flush) Pro SMA | M39: 285000
C49: JUMLAH PENGAJUAN SD,SMP,SMA | D49: =SUM(D33:D48) -> 1368000 | L49: JUMLAH PENGAJUAN SD,SMP,SMA | M49: =SUM(M33:M48) -> 1453000
C50: Jumlah Yang Belum Dibayar | E50: =D49 -> 1368000 | L50: Jumlah Yang Belum Dibayar | N50: =M49 -> 1453000
A51: RT Bu Ani | J51: RT Bu Ani
B52: Kt.26.356 | C52: Upah Tukang Mang Iwan (Minggu Lalu) RT Bu Ani | D52: 120000 | K52: Kt.26.356 | L52: Upah Tukang Mang Iwan (Minggu Lalu) RT Bu Ani | M52: 120000
C54: JUMLAH PENGAJUAN RT BU Ani | D54: =SUM(D52:D53) -> 120000 | E54: 0 | F54: 0 | L54: JUMLAH PENGAJUAN RT BU Ani | M54: =SUM(M52:M53) -> 120000 | N54: 0 | O54: 0
C55: Jumlah Yang Belum Dibayar | E55: =D54 -> 120000 | L55: Jumlah Yang Belum Dibayar | N55: =M54 -> 120000
A56: Darul Ulum | J56: Darul Ulum
B57: Kt.26.360 | C57: Upah Tukang Pa Mamat (Pek Pembersihan Hama Tikus area dalam & Pengecetan Pelapon) Darul ulum | D57: 1650000 | K57: Kt.26.360 | L57: Upah Tukang Pa Mamat (Pek Pembersihan Hama Tikus area dalam & Pengecetan Pelapon) Darul ulum | M57: 1650000
C61: JUMLAH PENGAJUAN Darul Ulum | D61: =SUM(D57:D60) -> 1650000 | E61: 0 | F61: 0 | L61: JUMLAH PENGAJUAN Darul Ulum | M61: =SUM(M57:M60) -> 1650000 | N61: 0 | O61: 0
C62: Jumlah Yang Belum Dibayar | E62: =D61 -> 1650000 | L62: Jumlah Yang Belum Dibayar | N62: =M61 -> 1650000
A63: Sumedang | J63: Sumedang
B64: Kt.26.361 | C64: Upah Tukang (7 Orng) Pro Sumedang | D64: 5735000 | K64: Kt.26.361 | L64: Upah Tukang (7 Orng) Pro Sumedang | M64: 5735000
B65: Kt.26.361 | C65: Cash Bon Ke-13 PA Agus Pro Sumedang | D65: 20000000 | K65: Kt.26.361 | L65: Cash Bon Ke-13 PA Agus Pro Sumedang | M65: 20000000
B66: Kt.26.361 | C66: Upah Pa Heri Pro Sumedang | D66: 660000 | K66: Kt.26.361 | L66: Upah Pa Heri Pro Sumedang | M66: 660000
B67: Kt.26.361 | C67: Upah Pa dedi Pro Sumedang | D67: 300000 | K67: Kt.26.361 | L67: Upah Pa dedi Pro Sumedang | M67: 300000
B68: Kt.26.361 | C68: Upah Mang Iwan | D68: 240000 | K68: Kt.26.361 | L68: Upah Mang Iwan | M68: 240000
B69: Kt.26.361 | C69: Keamanan Satpam Minggu Ke 13 pro Sumedang | D69: 300000 | K69: Kt.26.361 | L69: Keamanan Satpam Minggu Ke 13 pro Sumedang | M69: 300000
C79: JUMLAH PENGAJUAN Sumedang | D79: =SUM(D64:D77) -> 27235000 | E79: 0 | F79: 0 | L79: JUMLAH PENGAJUAN Sumedang | M79: =SUM(M64:M77) -> 27235000 | N79: 0 | O79: 0
C80: Jumlah Yang Belum Dibayar | E80: =D79 -> 27235000 | L80: Jumlah Yang Belum Dibayar | N80: =M79 -> 27235000
A81: PA Iman | J81: PA Iman
C85: JUMLAH PENGAJUAN Tanggerang | D85: =SUM(D82:D84) -> 0 | E85: 0 | F85: 0 | L85: JUMLAH PENGAJUAN Tanggerang | M85: =SUM(M82:M84) -> 0 | N85: 0 | O85: 0
C86: Jumlah Yang Belum Dibayar | E86: =D85 -> 0 | L86: Jumlah Yang Belum Dibayar | N86: =M85 -> 0
A87: KONTRABON | J87: KONTRABON
B88: Kt.26.344 | C88: Kontrabon Restulogam Tgl 30/4 (Pemb Sika Grounting,Batu Amril) Pro Sumedang | D88: 720000 | K88: Kt.26.344 | L88: Kontrabon Restulogam Tgl 30/4 (Pemb Sika Grounting,Batu Amril) Pro Sumedang | M88: 720000
B89: Kt.26.345 | C89: Kontrabon Restulogam Tgl 30/4 (Pemb Amplas & Keni ) RT BU Ani | D89: 30000 | K89: Kt.26.345 | L89: Kontrabon Restulogam Tgl 30/4 (Pemb Amplas & Keni ) RT BU Ani | M89: 30000
B90: Kt.26.354 | C90: Kontrabon Sejahtera Tgl 30/4 (Pemb Flood Light,Stop kontak,dll) Pro Sumedang | D90: 646000 | K90: Kt.26.354 | L90: Kontrabon Sejahtera Tgl 30/4 (Pemb Flood Light,Stop kontak,dll) Pro Sumedang | M90: 646000
B91: Kt.26.354 | C91: Kontrabon Restulogam Tgl 30/4 (Pemb Calbon) Pro Sumedang | D91: 295000 | K91: Kt.26.354 | L91: Kontrabon Restulogam Tgl 30/4 (Pemb Calbon) Pro Sumedang | M91: 295000
B92: Kt.26.355 | C92: Kontrabon Restulogam Tgl 5/5 (Pemb Kuas,Roll Cat,Hamplas,dll) Pro Darum Ulum | D92: 400500 | K92: Kt.26.355 | L92: Kontrabon Restulogam Tgl 5/5 (Pemb Kuas,Roll Cat,Hamplas,dll) Pro Darum Ulum | M92: 400500
C99: JUMLAH PENGAJUAN Kontrabon | D99: =SUM(D88:D98) -> 2091500 | L99: JUMLAH PENGAJUAN Kontrabon | M99: =SUM(M88:M98) -> 2091500
C100: Jumlah Yang Belum Dibayar | E100: =D99 -> 2091500 | L100: Jumlah Yang Belum Dibayar | N100: =M99 -> 2091500
A101: TAMBAHAN PENGAJUAN | J101: TAMBAHAN PENGAJUAN
C111: JUMLAH PENGAJUAN | D111: =SUM(D102:D105) -> 0 | E111: 0 | F111: 0 | L111: JUMLAH PENGAJUAN | M111: =SUM(M102:M105) -> 0 | N111: 0 | O111: 0
C112: Jumlah Yang Belum Dibayar | E112: =D111 -> 0 | L112: Jumlah Yang Belum Dibayar | N112: =M111 -> 0
A113: TOTAL PENGAJUAN KONTRAKTOR | E113: =E50+E55+E100+E112+E80+E86+E62 -> 32464500 | J113: TOTAL PENGAJUAN KONTRAKTOR | N113: =N50+N55+N100+N112+N80+N86+N62 -> 32549500
A114: JUMLAH KESELURUHAN PENGAJUAN | E114: =+E31+E113 -> 36362312 | J114: JUMLAH KESELURUHAN PENGAJUAN | N114: =+N31+N113 -> 36447312
A115: TAMBAHAN PENGAJUAN | J115: TAMBAHAN PENGAJUAN
A121: JUMLAH | D121: =SUM(D116:D120) -> 0 | J121: JUMLAH | M121: =SUM(M116:M120) -> 0
A122: TOTAL | J122: TOTAL
A124: PENCAIRAN | J124: PENCAIRAN
A125: NO | B125: TANGGAL | C125: KETERANGAN | D125: JUMLAH | E125: PARAF | J125: NO | K125: TANGGAL | L125: KETERANGAN | M125: JUMLAH | N125: PARAF
L126: Cash Besar Brankas | M126: 36500000
C131: Jumlah Penerimaan | D131: =SUM(D126:D130) -> 0 | L131: Jumlah Penerimaan | M131: =SUM(M126:M130) -> 36500000
L132: Lebih | M132: =M126-N114 -> 52688

Sheet Sheet29
A1: PA HERI | C1: Pa Dedi | E1: PA MAMAT | G1: NISA | I1: Pa Uden
A2: Upah Pa Iwan Pro Tk | B2: 120000 | C2: Upah Pa Dedi Pro TK | D2: 150000 | E2: Upah Tukang Pa Mamat (Pek Pasang Kramik & cat Dinding) Pro TK | F2: 242000 | G2: BPJS Kesehatan | H2: 1194312
A3: Upah Tukang Mang Iwan (Minggu Lalu) RT Bu Ani | B3: 120000 | C3: Upah Pa dedi Pro Sumedang | D3: 300000 | E3: Bon Matrial Talangan Pa Mamat (Pemb Knie) Pro TK | F3: 34000 | G3: BPJS TK | H3: 450000
A4: Upah Tukang (7 Orng) Pro Sumedang | B4: 5735000 | E4: Upah Tukang Pa Mamat (Pek Bocoran ) Pro SMP | F4: 202000 | G4: Listrik | H4: 503500
A5: Upah Pa Heri Pro Sumedang | B5: 660000 | E5: Upah Tukang Pa Mamat (Pek Bocoran R. konsul) Pro SMA | F5: 420000 | G5: Pek Bongkar Pasang Outdor dan Perbaikan Instalasi Pipa Pa kosim (apartemen Pa Edy) | H5: 1750000
A6: Upah Mang Iwan | B6: 240000 | E6: Upah Tukang Pa Mamat (Pek Pembersihan Hama Tikus area dalam & Pengecetan Pelapon) Darul ulum | F6: 1650000 | G6: Pemb Matrial (Tombol Flush) Pro SMA | H6: 285000
A7: Keamanan Satpam Minggu Ke 13 pro Sumedang | B7: 300000 | G7: Cash Bon Ke-13 PA Agus Pro Sumedang | H7: 20000000
G8: Kontrabon Restulogam Tgl 30/4 (Pemb Sika Grounting,Batu Amril) Pro Sumedang | H8: 720000
G9: Kontrabon Restulogam Tgl 30/4 (Pemb Amplas & Keni ) RT BU Ani | H9: 30000
G10: Kontrabon Sejahtera Tgl 30/4 (Pemb Flood Light,Stop kontak,dll) Pro Sumedang | H10: 646000
G11: Kontrabon Restulogam Tgl 30/4 (Pemb Calbon) Pro Sumedang | H11: 295000
G12: Kontrabon Restulogam Tgl 5/5 (Pemb Kuas,Roll Cat,Hamplas,dll) Pro Darum Ulum | H12: 400500
B28: =SUM(B2:B26) -> 7175000 | C28: =SUM(C2:C26) -> 0 | D28: =SUM(D2:D26) -> 450000 | E28: =SUM(E2:E26) -> 0 | F28: =SUM(F2:F26) -> 2548000 | G28: =SUM(G2:G26) -> 0 | H28: =SUM(H2:H26) -> 26274312 | I28: =SUM(I2:I26) -> 0 | J28: =SUM(J2:J26) -> 0 | L28: =SUM(B28:K28) -> 36447312
L29: =L28-Sheet28!N114 -> 0

Sheet Sheet30
A1: REKAPAN PENGAJUAN | K1: REKAPAN PENGAJUAN | U1: REKAPAN PENGAJUAN
A2: PER TANGGAL 13 Mei 2026 | K2: PER TANGGAL 13 Mei 2026 | U2: PER TANGGAL 13 Mei 2026
A3: POSISI KAS SAAT INI | K3: POSISI KAS SAAT INI | U3: POSISI KAS SAAT INI
C4: Kas Besar (Nisa) | D4: - | M4: Kas Besar (Nisa) | N4: - | W4: Kas Besar (Nisa) | X4: -
C5: Kas Besar (Brankas) | M5: Kas Besar (Brankas) | W5: Kas Besar (Brankas)
C6: Mandiri Akhmad Jaelani | D6: 104804765 | M6: Mandiri Akhmad Jaelani | N6: 104804765 | W6: Mandiri Akhmad Jaelani | X6: 104804765
C7: Mandiri CBS | D7: 1164811 | M7: Mandiri CBS | N7: 1164811 | W7: Mandiri CBS | X7: 1164811
C8: BJB CBS | D8: 1146153 | M8: BJB CBS | N8: 1146153 | W8: BJB CBS | X8: 1146153
C9: BJB CRS | D9: 3297735.5 | M9: BJB CRS | N9: 3297735.5 | W9: BJB CRS | X9: 3297735.5
C10: BRI CRS | D10: 17000000 | M10: BRI CRS | N10: 17000000 | W10: BRI CRS | X10: 17000000
A12: TOTAL POSISI KAS DAN BANK TGL 13 Mei 2026 | H12: =SUM(D4:D10) -> 1.2741346e+08 | K12: TOTAL POSISI KAS DAN BANK TGL 13 Mei 2026 | R12: =SUM(N4:N10) -> 1.2741346e+08 | U12: TOTAL POSISI KAS DAN BANK TGL 13 Mei 2026 | AB12: =SUM(X4:X10) -> 1.2741346e+08
A13: UMUM | K13: UMUM | U13: UMUM
A14: TGL | B14: NO KAS | C14: KETERANGAN PENGAJUAN | D14: PENGAJUAN | E14: PENCAIRAN | K14: TGL | L14: NO KAS | M14: KETERANGAN PENGAJUAN | N14: PENGAJUAN | O14: PENCAIRAN | U14: TGL | V14: NO KAS | W14: KETERANGAN PENGAJUAN | X14: PENGAJUAN | Y14: PENCAIRAN
E15: SUDAH | F15: CASH | G15: GIRO | H15: TRANSFER | O15: SUDAH | P15: CASH | Q15: GIRO | R15: TRANSFER | Y15: SUDAH | Z15: CASH | AA15: GIRO | AB15: TRANSFER
B16: Ku.26. | C16: Kekurangan Service Motor | D16: 89500 | L16: Ku.26. | M16: Kekurangan Service Motor (A Adit) | V16: Ku.26. | W16: Kekurangan Service Motor (A Adit) | X16: 89500
B17: Ku.26.063 | C17: Air Minum | D17: 32000 | L17: Ku.26.063 | M17: Air Minum | V17: Ku.26.063 | W17: Air Minum | X17: 32000
B18: Ku.26.064 | C18: Biaya Sponsor Shift parenting day Pro SMP | D18: 5000000 | L18: Ku.26.064 | M18: Biaya Sponsor Shift parenting day Pro SMP | V18: Ku.26.064 | W18: Biaya Sponsor Shift parenting day Pro SMP | X18: 5000000
C29: JUMLAH PENGAJUAN UMUM | D29: =SUM(D16:D26) -> 5121500 | M29: JUMLAH PENGAJUAN UMUM | N29: =SUM(N16:N26) -> 0 | W29: JUMLAH PENGAJUAN UMUM | X29: =SUM(X16:X26) -> 5121500
C30: Jumlah Yang Belum Dibayar | H30: =+D29 -> 5121500 | M30: Jumlah Yang Belum Dibayar | R30: =+N29 -> 0 | W30: Jumlah Yang Belum Dibayar | AB30: =+X29 -> 5121500
A31: TOTAL PENGAJUAN UMUM | E31: =+H30 -> 5121500 | K31: TOTAL PENGAJUAN UMUM | O31: =+R30 -> 0 | U31: TOTAL PENGAJUAN UMUM | Y31: =+AB30 -> 5121500
A32: ALCENT | K32: ALCENT | U32: ALCENT
B33: Kt.26.374 | C33: Upah Pa Mamat (Pek Partisi R. Uks & R. Sanggar Baru) Pro SMP | D33: 650000 | L33: Kt.26.374 | M33: Upah Pa Mamat (Pek Partisi R. Uks & R. Sanggar Baru) Pro SMP | V33: Kt.26.374 | W33: Upah Pa Mamat (Pek Partisi R. Uks & R. Sanggar Baru) Pro SMP | X33: 650000
B34: Kt.26.374 | C34: Pemb Matrial (Baja ringan,Gipsum,Kaso,dll) Pro SMP | D34: 1661000 | L34: Kt.26.374 | M34: Pemb Matrial (Baja ringan,Gipsum,Kaso,dll) Pro SMP | N34: 1108000 | V34: Kt.26.374 | W34: Pemb Matrial (Baja ringan,Gipsum,Kaso,dll) Pro SMP
B35: Kt.26.375 | C35: Upah Pa mamat (Pek Bocoran R. Kls & Pengecetan) Pro SMA | D35: 550000 | L35: Kt.26.375 | M35: Upah Pa mamat (Pek Bocoran R. Kls & Pengecetan) Pro SMA | V35: Kt.26.375 | W35: Upah Pa mamat (Pek Bocoran R. Kls & Pengecetan) Pro SMA | X35: 550000
C49: JUMLAH PENGAJUAN SD,SMP,SMA | D49: =SUM(D33:D48) -> 2861000 | M49: JUMLAH PENGAJUAN SD,SMP,SMA | N49: =SUM(N33:N48) -> 1108000 | W49: JUMLAH PENGAJUAN SD,SMP,SMA | X49: =SUM(X33:X48) -> 1200000
C50: Jumlah Yang Belum Dibayar | E50: =D49 -> 2861000 | M50: Jumlah Yang Belum Dibayar | O50: =N49 -> 1108000 | W50: Jumlah Yang Belum Dibayar | Y50: =X49 -> 1200000
A51: RT Bu Ani | K51: RT Bu Ani | U51: RT Bu Ani
B52: Kt.26.356 | C52: Upah Tukang Mang Iwan (Minggu Lalu) RT Bu Ani | L52: Kt.26.356 | M52: Upah Tukang Mang Iwan (Minggu Lalu) RT Bu Ani | V52: Kt.26.356 | W52: Upah Tukang Mang Iwan (Minggu Lalu) RT Bu Ani
C54: JUMLAH PENGAJUAN RT BU Ani | D54: =SUM(D52:D53) -> 0 | E54: 0 | F54: 0 | M54: JUMLAH PENGAJUAN RT BU Ani | N54: =SUM(N52:N53) -> 0 | O54: 0 | P54: 0 | W54: JUMLAH PENGAJUAN RT BU Ani | X54: =SUM(X52:X53) -> 0 | Y54: 0 | Z54: 0
C55: Jumlah Yang Belum Dibayar | E55: =D54 -> 0 | M55: Jumlah Yang Belum Dibayar | O55: =N54 -> 0 | W55: Jumlah Yang Belum Dibayar | Y55: =X54 -> 0
A56: Darul Ulum | K56: Darul Ulum | U56: Darul Ulum
B57: Kt.26.360 | C57: Upah Tukang Pa Mamat (Pek Pengecetan Area Dalam) Darul ulum | D57: 2360000 | L57: Kt.26.360 | M57: Upah Tukang Pa Mamat (Pek Pengecetan Area Dalam) Darul ulum | V57: Kt.26.360 | W57: Upah Tukang Pa Mamat (Pek Pengecetan Area Dalam) Darul ulum | X57: 2360000
C61: JUMLAH PENGAJUAN Darul Ulum | D61: =SUM(D57:D60) -> 2360000 | E61: 0 | F61: 0 | M61: JUMLAH PENGAJUAN Darul Ulum | N61: =SUM(N57:N60) -> 0 | O61: 0 | P61: 0 | W61: JUMLAH PENGAJUAN Darul Ulum | X61: =SUM(X57:X60) -> 2360000 | Y61: 0 | Z61: 0
C62: Jumlah Yang Belum Dibayar | E62: =D61 -> 2360000 | M62: Jumlah Yang Belum Dibayar | O62: =N61 -> 0 | W62: Jumlah Yang Belum Dibayar | Y62: =X61 -> 2360000
A63: Sumedang | K63: Sumedang | U63: Sumedang
B64: Kt.26.348 | C64: Pemb Matrial (Split,Damdex,Hebel,dll) Pro Sumedang | D64: =4600000+300000+15120000+1368000 -> 21388000 | L64: Kt.26.348 | M64: Pemb Matrial (Split,Damdex,Hebel,dll) Pro Sumedang | N64: 10000000 | R64: ü | V64: Kt.26.348 | W64: Pemb Matrial (Split,Damdex,Hebel,dll) Pro Sumedang | AD64: =10000000 -> 10000000 | AF64: =N64-AD64 -> 0
B65: Kt.26.377 | C65: Upah Tukang (7 Orng) Pro Sumedang | D65: 5765000 | L65: Kt.26.377 | M65: Upah Tukang (7 Orng) Pro Sumedang | V65: Kt.26.377 | W65: Upah Tukang (7 Orng) Pro Sumedang | X65: 5765000
B66: Kt.26.377 | C66: Cash Bon Ke-14 PA Agus Pro Sumedang | D66: 35000000 | L66: Kt.26.377 | M66: Cash Bon Ke-14 PA Agus Pro Sumedang | V66: Kt.26.377 | W66: Cash Bon Ke-14 PA Agus Pro Sumedang | X66: 35000000
B67: Kt.26.377 | C67: Cash Bon Ke-6 PA Ade Baja Pro Sumedang | D67: 50000000 | L67: Kt.26.377 | M67: Cash Bon Ke-6 PA Ade Baja Pro Sumedang | V67: Kt.26.377 | W67: Cash Bon Ke-6 PA Ade Baja Pro Sumedang | X67: 40000000
B68: Kt.26.377 | C68: Upah Pa Heri Pro Sumedang | D68: =220000*7 -> 1540000 | L68: Kt.26.377 | M68: Upah Pa Heri Pro Sumedang | V68: Kt.26.377 | W68: Upah Pa Heri Pro Sumedang | X68: =220000*7 -> 1540000
B69: Kt.26.377 | C69: Upah Pa dedi Pro Sumedang | D69: =150000*4 -> 600000 | L69: Kt.26.377 | M69: Upah Pa dedi Pro Sumedang | V69: Kt.26.377 | W69: Upah Pa dedi Pro Sumedang | X69: =150000*4 -> 600000
B70: Kt.26.377 | C70: Keamanan Satpam Minggu Ke 14 pro Sumedang | D70: 300000 | L70: Kt.26.377 | M70: Keamanan Satpam Minggu Ke 14 pro Sumedang | V70: Kt.26.377 | W70: Keamanan Satpam Minggu Ke 14 pro Sumedang | X70: 300000
B71: Kt.26.377 | C71: Keamanan Babinsa Ke 3 pro Sumedang | D71: 1500000 | L71: Kt.26.377 | M71: Keamanan Babinsa Ke 3 pro Sumedang | V71: Kt.26.377 | W71: Keamanan Babinsa Ke 3 pro Sumedang | X71: 1500000
B72: Kt.26.377 | C72: Kontrakan kantor Bln Ke 4 Pro Sumedang | D72: 500000 | L72: Kt.26.377 | M72: Kontrakan kantor Bln Ke 4 Pro Sumedang | V72: Kt.26.377 | W72: Kontrakan kantor Bln Ke 4 Pro Sumedang | X72: 500000
B73: Kt.26.377 | C73: Kontrakan Pa Agus Bln Ke 4 Pro Sumedang | D73: 600000 | L73: Kt.26.377 | M73: Kontrakan Pa Agus Bln Ke 4 Pro Sumedang | V73: Kt.26.377 | W73: Kontrakan Pa Agus Bln Ke 4 Pro Sumedang | X73: 600000
B74: Kt.26.377 | C74: Kontrakan Pa Yadi Pro Sumedang | D74: 500000 | L74: Kt.26.377 | M74: Kontrakan Pa Yadi Pro Sumedang | V74: Kt.26.377 | W74: Kontrakan Pa Yadi Pro Sumedang | X74: 500000
B75: Kt.26.377 | C75: Uang makan Cor | D75: 750000 | L75: Kt.26.377 | M75: Uang makan Cor | V75: Kt.26.377 | W75: Uang makan Cor | X75: 750000
B76: Kt.26.378 | C76: Pemb Matrial (Semen,Pasir,Wirmesh,kramik,dll) Pro Sumedang | D76: 66110000 | L76: Kt.26.378 | M76: Pemb Matrial (Semen,Pasir,Wirmesh,kramik,dll) Pro Sumedang | N76: 48440000 | R76: ü | V76: Kt.26.378 | W76: Pemb Matrial (Semen,Pasir,Wirmesh,kramik,dll) Pro Sumedang | AD76: =15440000+33000000 -> 48440000 | AF76: =N76-AD76 -> 0
C79: JUMLAH PENGAJUAN Sumedang | D79: =SUM(D64:D77) -> 184553000 | E79: 0 | F79: 0 | M79: JUMLAH PENGAJUAN Sumedang | N79: =SUM(N64:N77) -> 58440000 | O79: 0 | P79: 0 | W79: JUMLAH PENGAJUAN Sumedang | X79: =SUM(X64:X77) -> 87055000 | Y79: 0 | Z79: 0
C80: Jumlah Yang Belum Dibayar | E80: =D79 -> 184553000 | M80: Jumlah Yang Belum Dibayar | O80: =N79 -> 58440000 | W80: Jumlah Yang Belum Dibayar | Y80: =X79 -> 87055000
A81: PA Iman | K81: PA Iman | U81: PA Iman
C85: JUMLAH PENGAJUAN Tanggerang | D85: =SUM(D82:D84) -> 0 | E85: 0 | F85: 0 | M85: JUMLAH PENGAJUAN Tanggerang | N85: =SUM(N82:N84) -> 0 | O85: 0 | P85: 0 | W85: JUMLAH PENGAJUAN Tanggerang | X85: =SUM(X82:X84) -> 0 | Y85: 0 | Z85: 0
C86: Jumlah Yang Belum Dibayar | E86: =D85 -> 0 | M86: Jumlah Yang Belum Dibayar | O86: =N85 -> 0 | W86: Jumlah Yang Belum Dibayar | Y86: =X85 -> 0
A87: KONTRABON | K87: KONTRABON | U87: KONTRABON
AD90: =N34+AD64+AD76 -> 59548000
C99: JUMLAH PENGAJUAN Kontrabon | D99: =SUM(D88:D98) -> 0 | M99: JUMLAH PENGAJUAN Kontrabon | N99: =SUM(N88:N98) -> 0 | W99: JUMLAH PENGAJUAN Kontrabon | X99: =SUM(X88:X98) -> 0 | AD99: =N127-AD90 -> 452000
C100: Jumlah Yang Belum Dibayar | E100: =D99 -> 0 | M100: Jumlah Yang Belum Dibayar | O100: =N99 -> 0 | W100: Jumlah Yang Belum Dibayar | Y100: =X99 -> 0
A101: TAMBAHAN PENGAJUAN | K101: TAMBAHAN PENGAJUAN | U101: TAMBAHAN PENGAJUAN
W102: Matrial kayu, kaso bomdex | X102: 25000000
W103: Matrial talangan pa heri | X103: 2042500
W104: Kas Logistik | X104: 4000000
C111: JUMLAH PENGAJUAN | D111: =SUM(D102:D105) -> 0 | E111: 0 | F111: 0 | M111: JUMLAH PENGAJUAN | N111: =SUM(N102:N105) -> 0 | O111: 0 | P111: 0 | W111: JUMLAH PENGAJUAN | X111: =SUM(X102:X105) -> 31042500 | Y111: 0 | Z111: 0
C112: Jumlah Yang Belum Dibayar | E112: =D111 -> 0 | M112: Jumlah Yang Belum Dibayar | O112: =N111 -> 0 | W112: Jumlah Yang Belum Dibayar | Y112: =X111 -> 31042500
A113: TOTAL PENGAJUAN KONTRAKTOR | E113: =E50+E55+E100+E112+E80+E86+E62 -> 189774000 | K113: TOTAL PENGAJUAN KONTRAKTOR | O113: =O50+O55+O100+O112+O80+O86+O62 -> 59548000 | U113: TOTAL PENGAJUAN KONTRAKTOR | Y113: =Y50+Y55+Y100+Y112+Y80+Y86+Y62 -> 121657500
A114: JUMLAH KESELURUHAN PENGAJUAN | E114: =+E31+E113 -> 194895500 | K114: JUMLAH KESELURUHAN PENGAJUAN | O114: =+O31+O113 -> 59548000 | U114: JUMLAH KESELURUHAN PENGAJUAN | Y114: =+Y31+Y113 -> 126779000
A115: TAMBAHAN PENGAJUAN | K115: TAMBAHAN PENGAJUAN | U115: TAMBAHAN PENGAJUAN
A121: JUMLAH | D121: =SUM(D116:D120) -> 0 | K121: JUMLAH | N121: =SUM(N116:N120) -> 0 | U121: JUMLAH | X121: =SUM(X116:X120) -> 0
A122: TOTAL | K122: TOTAL | U122: TOTAL
A124: PENCAIRAN | K124: PENCAIRAN | U124: PENCAIRAN
